{"type":"FeatureCollection","crs":{"type":"name","properties":{"name":"urn:ogc:def:crs:OGC:1.3:CRS84"}},"features":[{"type":"Feature","properties":{"shapeName":"Gracias a Dios","shapeISO":"HN-GD","shapeID":"10453824B77004064719389","shapeGroup":"HND","shapeType":"ADM1"},"geometry":{"type":"MultiPolygon","coordinates":[[[[-85.0,15.071],[-85.0,14.724],[-84.995,14.727],[-84.987,14.74],[-84.973,14.741],[-84.97,14.748],[-84.96,14.756],[-84.943,14.754],[-84.94,14.758],[-84.929,14.758],[-84.927,14.759],[-84.924,14.763],[-84.923,14.766],[-84.931,14.768],[-84.93,14.773],[-84.923,14.78],[-84.922,14.785],[-84.92,14.787],[-84.915,14.794],[-84.911,14.797],[-84.909,14.804],[-84.9,14.814],[-84.894,14.815],[-84.888,14.812],[-84.878,14.816],[-84.868,14.812],[-84.857,14.812],[-84.853,14.813],[-84.845,14.824],[-84.84,14.823],[-84.827,14.828],[-84.815,14.829],[-84.814,14.826],[-84.807,14.821],[-84.8,14.822],[-84.795,14.817],[-84.79,14.816],[-84.788,14.814],[-84.79,14.811],[-84.79,14.809],[-84.786,14.796],[-84.782,14.789],[-84.769,14.781],[-84.752,14.773],[-84.75,14.77],[-84.749,14.763],[-84.749,14.757],[-84.752,14.753],[-84.759,14.752],[-84.763,14.759],[-84.765,14.761],[-84.768,14.76],[-84.772,14.757],[-84.771,14.749],[-84.761,14.741],[-84.757,14.74],[-84.753,14.742],[-84.748,14.748],[-84.746,14.749],[-84.743,14.748],[-84.742,14.745],[-84.742,14.739],[-84.749,14.733],[-84.749,14.731],[-84.745,14.715],[-84.74,14.711],[-84.729,14.709],[-84.727,14.7],[-84.718,14.696],[-84.716,14.693],[-84.713,14.692],[-84.705,14.693],[-84.704,14.692],[-84.703,14.691],[-84.706,14.682],[-84.702,14.675],[-84.703,14.667],[-84.702,14.664],[-84.697,14.664],[-84.693,14.667],[-84.679,14.692],[-84.675,14.694],[-84.672,14.694],[-84.667,14.689],[-84.671,14.678],[-84.669,14.674],[-84.665,14.673],[-84.659,14.674],[-84.646,14.672],[-84.642,14.673],[-84.637,14.677],[-84.633,14.677],[-84.629,14.675],[-84.629,14.665],[-84.627,14.664],[-84.624,14.663],[-84.612,14.665],[-84.597,14.658],[-84.594,14.658],[-84.589,14.665],[-84.585,14.665],[-84.583,14.663],[-84.583,14.655],[-84.581,14.654],[-84.578,14.652],[-84.573,14.652],[-84.57,14.656],[-84.566,14.658],[-84.564,14.657],[-84.563,14.651],[-84.561,14.65],[-84.552,14.657],[-84.543,14.655],[-84.528,14.658],[-84.525,14.656],[-84.522,14.653],[-84.524,14.648],[-84.528,14.647],[-84.536,14.648],[-84.538,14.646],[-84.536,14.637],[-84.53,14.63],[-84.527,14.629],[-84.525,14.635],[-84.506,14.636],[-84.503,14.625],[-84.496,14.62],[-84.478,14.616],[-84.469,14.616],[-84.464,14.624],[-84.463,14.632],[-84.451,14.63],[-84.444,14.631],[-84.441,14.633],[-84.434,14.632],[-84.43,14.636],[-84.425,14.642],[-84.415,14.642],[-84.412,14.645],[-84.415,14.656],[-84.412,14.659],[-84.403,14.663],[-84.382,14.683],[-84.377,14.697],[-84.376,14.7],[-84.366,14.705],[-84.367,14.715],[-84.363,14.717],[-84.357,14.712],[-84.351,14.705],[-84.344,14.702],[-84.353,14.69],[-84.354,14.685],[-84.349,14.68],[-84.342,14.676],[-84.33,14.675],[-84.321,14.678],[-84.318,14.683],[-84.315,14.685],[-84.31,14.684],[-84.304,14.678],[-84.3,14.666],[-84.297,14.663],[-84.288,14.664],[-84.282,14.661],[-84.277,14.662],[-84.266,14.671],[-84.259,14.675],[-84.258,14.678],[-84.259,14.681],[-84.266,14.687],[-84.266,14.692],[-84.263,14.699],[-84.267,14.712],[-84.273,14.724],[-84.272,14.734],[-84.263,14.744],[-84.254,14.75],[-84.247,14.752],[-84.235,14.761],[-84.227,14.76],[-84.223,14.755],[-84.223,14.749],[-84.23,14.739],[-84.228,14.734],[-84.222,14.731],[-84.212,14.734],[-84.199,14.721],[-84.189,14.716],[-84.167,14.715],[-84.156,14.719],[-84.148,14.719],[-84.134,14.73],[-84.125,14.734],[-84.114,14.733],[-84.099,14.729],[-84.096,14.73],[-84.097,14.737],[-84.104,14.747],[-84.116,14.773],[-84.117,14.781],[-84.116,14.786],[-84.113,14.79],[-84.11,14.791],[-84.089,14.79],[-84.082,14.787],[-84.08,14.78],[-84.084,14.763],[-84.083,14.759],[-84.08,14.757],[-84.057,14.765],[-84.053,14.767],[-84.05,14.773],[-84.046,14.775],[-84.041,14.773],[-84.039,14.765],[-84.045,14.754],[-84.045,14.751],[-84.033,14.747],[-84.021,14.744],[-84.014,14.746],[-84.003,14.76],[-83.997,14.761],[-83.989,14.749],[-83.979,14.747],[-83.972,14.747],[-83.946,14.758],[-83.94,14.758],[-83.932,14.755],[-83.93,14.749],[-83.924,14.748],[-83.918,14.751],[-83.919,14.755],[-83.925,14.761],[-83.937,14.766],[-83.939,14.773],[-83.936,14.777],[-83.929,14.778],[-83.921,14.775],[-83.918,14.77],[-83.915,14.769],[-83.912,14.769],[-83.905,14.776],[-83.902,14.777],[-83.899,14.775],[-83.897,14.77],[-83.89,14.765],[-83.884,14.767],[-83.877,14.771],[-83.87,14.769],[-83.858,14.774],[-83.844,14.773],[-83.837,14.78],[-83.833,14.791],[-83.83,14.794],[-83.822,14.795],[-83.818,14.791],[-83.814,14.79],[-83.811,14.791],[-83.807,14.797],[-83.802,14.8],[-83.786,14.806],[-83.782,14.814],[-83.784,14.821],[-83.783,14.824],[-83.78,14.823],[-83.779,14.821],[-83.777,14.812],[-83.776,14.81],[-83.769,14.809],[-83.764,14.806],[-83.758,14.807],[-83.754,14.81],[-83.752,14.818],[-83.755,14.826],[-83.753,14.832],[-83.75,14.831],[-83.742,14.827],[-83.738,14.82],[-83.732,14.819],[-83.73,14.82],[-83.729,14.825],[-83.734,14.837],[-83.732,14.841],[-83.727,14.841],[-83.724,14.831],[-83.722,14.83],[-83.718,14.831],[-83.716,14.833],[-83.715,14.842],[-83.711,14.843],[-83.708,14.84],[-83.705,14.826],[-83.702,14.824],[-83.697,14.829],[-83.697,14.834],[-83.701,14.841],[-83.699,14.848],[-83.7,14.851],[-83.704,14.854],[-83.711,14.853],[-83.72,14.848],[-83.722,14.851],[-83.722,14.856],[-83.717,14.859],[-83.712,14.858],[-83.707,14.856],[-83.703,14.857],[-83.698,14.86],[-83.694,14.866],[-83.693,14.872],[-83.695,14.877],[-83.692,14.881],[-83.687,14.878],[-83.685,14.869],[-83.682,14.866],[-83.679,14.867],[-83.669,14.877],[-83.659,14.88],[-83.65,14.879],[-83.644,14.882],[-83.625,14.879],[-83.616,14.875],[-83.614,14.877],[-83.615,14.882],[-83.614,14.886],[-83.609,14.89],[-83.609,14.894],[-83.615,14.9],[-83.601,14.9],[-83.593,14.904],[-83.593,14.91],[-83.6,14.914],[-83.601,14.917],[-83.597,14.92],[-83.585,14.916],[-83.58,14.911],[-83.578,14.912],[-83.571,14.919],[-83.564,14.913],[-83.56,14.912],[-83.562,14.928],[-83.56,14.939],[-83.557,14.941],[-83.544,14.938],[-83.539,14.94],[-83.538,14.942],[-83.539,14.945],[-83.544,14.945],[-83.547,14.947],[-83.549,14.953],[-83.549,14.957],[-83.547,14.957],[-83.542,14.951],[-83.538,14.949],[-83.532,14.948],[-83.529,14.95],[-83.532,14.957],[-83.538,14.962],[-83.539,14.97],[-83.541,14.975],[-83.54,14.98],[-83.538,14.981],[-83.535,14.981],[-83.53,14.975],[-83.525,14.974],[-83.523,14.979],[-83.529,14.987],[-83.53,14.99],[-83.528,14.993],[-83.525,14.995],[-83.517,14.99],[-83.515,14.991],[-83.514,14.994],[-83.514,15.0],[-83.509,15.002],[-83.501,15.011],[-83.491,15.01],[-83.483,15.005],[-83.476,15.004],[-83.48,14.991],[-83.472,14.99],[-83.466,14.983],[-83.46,14.981],[-83.448,14.985],[-83.443,14.993],[-83.44,14.994],[-83.43,14.995],[-83.42,14.99],[-83.42,14.996],[-83.413,15.004],[-83.408,14.999],[-83.406,14.999],[-83.406,15.009],[-83.4,15.016],[-83.407,15.023],[-83.406,15.026],[-83.402,15.03],[-83.395,15.027],[-83.388,15.019],[-83.382,15.015],[-83.36,15.014],[-83.358,15.002],[-83.355,14.999],[-83.348,14.995],[-83.346,14.995],[-83.346,14.997],[-83.348,15.007],[-83.344,15.01],[-83.333,15.008],[-83.319,15.002],[-83.299,14.999],[-83.291,15.0],[-83.276,15.006],[-83.274,15.005],[-83.273,15.001],[-83.279,14.993],[-83.278,14.988],[-83.275,14.987],[-83.27,14.989],[-83.264,14.988],[-83.253,14.99],[-83.24,14.983],[-83.235,14.982],[-83.231,14.983],[-83.212,14.994],[-83.201,14.999],[-83.195,14.999],[-83.175,14.991],[-83.165,14.994],[-83.15,14.996],[-83.145,14.998],[-83.145,14.999],[-83.14,14.999],[-83.137,15.001],[-83.135,15.003],[-83.135,15.005],[-83.136,15.003],[-83.136,15.006],[-83.135,15.006],[-83.138,15.008],[-83.142,15.005],[-83.158,15.007],[-83.153,15.008],[-83.146,15.006],[-83.145,15.008],[-83.174,15.012],[-83.186,15.015],[-83.222,15.028],[-83.258,15.048],[-83.281,15.064],[-83.293,15.075],[-83.309,15.093],[-83.331,15.132],[-83.339,15.152],[-83.351,15.193],[-83.356,15.204],[-83.383,15.248],[-83.387,15.248],[-83.392,15.255],[-83.416,15.267],[-83.466,15.286],[-83.583,15.32],[-83.619,15.334],[-83.669,15.359],[-83.696,15.377],[-83.72,15.397],[-83.721,15.396],[-83.72,15.39],[-83.726,15.383],[-83.722,15.387],[-83.724,15.38],[-83.731,15.378],[-83.736,15.372],[-83.737,15.362],[-83.739,15.361],[-83.738,15.358],[-83.736,15.357],[-83.735,15.359],[-83.735,15.356],[-83.733,15.357],[-83.733,15.356],[-83.723,15.353],[-83.717,15.353],[-83.717,15.354],[-83.711,15.356],[-83.709,15.353],[-83.702,15.354],[-83.7,15.349],[-83.692,15.346],[-83.686,15.338],[-83.685,15.338],[-83.686,15.34],[-83.684,15.338],[-83.682,15.338],[-83.678,15.341],[-83.676,15.335],[-83.671,15.332],[-83.67,15.328],[-83.665,15.328],[-83.663,15.33],[-83.655,15.331],[-83.658,15.335],[-83.657,15.337],[-83.645,15.333],[-83.651,15.333],[-83.652,15.328],[-83.655,15.324],[-83.651,15.318],[-83.647,15.317],[-83.647,15.316],[-83.646,15.317],[-83.644,15.315],[-83.64,15.315],[-83.64,15.317],[-83.637,15.319],[-83.636,15.316],[-83.635,15.319],[-83.633,15.321],[-83.625,15.32],[-83.625,15.319],[-83.63,15.314],[-83.65,15.314],[-83.648,15.312],[-83.642,15.313],[-83.638,15.309],[-83.629,15.309],[-83.628,15.306],[-83.642,15.297],[-83.645,15.292],[-83.648,15.29],[-83.647,15.288],[-83.649,15.287],[-83.647,15.284],[-83.649,15.278],[-83.645,15.276],[-83.645,15.273],[-83.649,15.264],[-83.655,15.259],[-83.662,15.255],[-83.667,15.253],[-83.673,15.255],[-83.672,15.25],[-83.676,15.245],[-83.681,15.246],[-83.688,15.242],[-83.692,15.243],[-83.694,15.241],[-83.695,15.243],[-83.697,15.242],[-83.698,15.24],[-83.701,15.238],[-83.704,15.235],[-83.709,15.234],[-83.713,15.226],[-83.714,15.221],[-83.713,15.208],[-83.715,15.202],[-83.721,15.198],[-83.73,15.196],[-83.734,15.197],[-83.735,15.199],[-83.737,15.199],[-83.738,15.197],[-83.736,15.195],[-83.728,15.195],[-83.737,15.192],[-83.738,15.188],[-83.74,15.186],[-83.741,15.187],[-83.741,15.184],[-83.743,15.182],[-83.744,15.182],[-83.742,15.184],[-83.742,15.19],[-83.743,15.192],[-83.747,15.193],[-83.744,15.192],[-83.746,15.193],[-83.746,15.195],[-83.741,15.195],[-83.738,15.198],[-83.738,15.201],[-83.754,15.208],[-83.756,15.208],[-83.758,15.206],[-83.757,15.2],[-83.755,15.201],[-83.753,15.198],[-83.76,15.197],[-83.761,15.194],[-83.758,15.194],[-83.757,15.191],[-83.759,15.188],[-83.762,15.194],[-83.76,15.197],[-83.763,15.199],[-83.763,15.193],[-83.764,15.204],[-83.766,15.203],[-83.764,15.199],[-83.765,15.196],[-83.767,15.197],[-83.764,15.193],[-83.766,15.191],[-83.766,15.189],[-83.767,15.191],[-83.768,15.19],[-83.765,15.194],[-83.77,15.193],[-83.773,15.197],[-83.774,15.201],[-83.772,15.205],[-83.768,15.207],[-83.767,15.205],[-83.77,15.213],[-83.774,15.217],[-83.774,15.219],[-83.773,15.219],[-83.777,15.23],[-83.775,15.237],[-83.773,15.237],[-83.772,15.24],[-83.768,15.243],[-83.768,15.254],[-83.766,15.256],[-83.768,15.264],[-83.776,15.273],[-83.778,15.273],[-83.783,15.281],[-83.787,15.282],[-83.788,15.283],[-83.79,15.282],[-83.789,15.279],[-83.791,15.277],[-83.794,15.278],[-83.792,15.274],[-83.799,15.269],[-83.803,15.267],[-83.813,15.267],[-83.815,15.266],[-83.814,15.266],[-83.815,15.264],[-83.817,15.263],[-83.816,15.265],[-83.819,15.262],[-83.825,15.261],[-83.824,15.265],[-83.826,15.266],[-83.825,15.261],[-83.829,15.261],[-83.829,15.265],[-83.826,15.266],[-83.827,15.268],[-83.821,15.273],[-83.819,15.272],[-83.809,15.277],[-83.808,15.281],[-83.804,15.281],[-83.803,15.284],[-83.803,15.287],[-83.801,15.29],[-83.813,15.295],[-83.817,15.299],[-83.82,15.3],[-83.821,15.302],[-83.823,15.302],[-83.829,15.31],[-83.83,15.313],[-83.833,15.317],[-83.837,15.314],[-83.841,15.316],[-83.843,15.319],[-83.863,15.319],[-83.866,15.322],[-83.869,15.323],[-83.884,15.331],[-83.888,15.338],[-83.897,15.347],[-83.906,15.352],[-83.915,15.354],[-83.924,15.36],[-83.926,15.367],[-83.932,15.371],[-83.946,15.377],[-83.952,15.384],[-83.964,15.391],[-83.977,15.397],[-83.989,15.396],[-84.011,15.401],[-84.019,15.401],[-84.022,15.402],[-84.025,15.398],[-84.024,15.395],[-84.021,15.394],[-84.018,15.398],[-84.016,15.398],[-84.013,15.386],[-84.009,15.384],[-84.008,15.385],[-84.003,15.385],[-84.015,15.38],[-84.016,15.385],[-84.022,15.386],[-84.026,15.388],[-84.026,15.39],[-84.023,15.392],[-84.024,15.394],[-84.033,15.392],[-84.036,15.393],[-84.038,15.392],[-84.042,15.391],[-84.049,15.388],[-84.051,15.375],[-84.042,15.367],[-84.042,15.361],[-84.037,15.354],[-84.035,15.348],[-84.032,15.344],[-84.031,15.338],[-84.03,15.338],[-84.03,15.326],[-84.039,15.321],[-84.041,15.32],[-84.047,15.323],[-84.052,15.329],[-84.054,15.327],[-84.06,15.327],[-84.056,15.328],[-84.062,15.329],[-84.065,15.324],[-84.064,15.327],[-84.066,15.324],[-84.067,15.325],[-84.064,15.327],[-84.068,15.326],[-84.063,15.329],[-84.057,15.33],[-84.054,15.329],[-84.054,15.334],[-84.061,15.334],[-84.079,15.332],[-84.088,15.336],[-84.092,15.336],[-84.097,15.338],[-84.11,15.35],[-84.122,15.365],[-84.13,15.379],[-84.134,15.389],[-84.138,15.395],[-84.138,15.404],[-84.14,15.405],[-84.138,15.405],[-84.138,15.403],[-84.135,15.402],[-84.131,15.404],[-84.127,15.404],[-84.12,15.401],[-84.125,15.404],[-84.125,15.41],[-84.128,15.414],[-84.139,15.42],[-84.133,15.419],[-84.133,15.424],[-84.136,15.424],[-84.137,15.423],[-84.136,15.425],[-84.133,15.426],[-84.133,15.428],[-84.129,15.428],[-84.126,15.43],[-84.121,15.429],[-84.12,15.427],[-84.121,15.426],[-84.124,15.429],[-84.125,15.429],[-84.124,15.426],[-84.114,15.424],[-84.109,15.426],[-84.104,15.431],[-84.103,15.437],[-84.105,15.449],[-84.105,15.451],[-84.109,15.451],[-84.108,15.452],[-84.109,15.454],[-84.108,15.453],[-84.107,15.454],[-84.109,15.456],[-84.108,15.457],[-84.11,15.458],[-84.11,15.459],[-84.114,15.46],[-84.111,15.459],[-84.111,15.458],[-84.114,15.458],[-84.109,15.452],[-84.118,15.462],[-84.119,15.466],[-84.119,15.476],[-84.117,15.476],[-84.115,15.473],[-84.105,15.475],[-84.096,15.472],[-84.092,15.474],[-84.089,15.478],[-84.089,15.483],[-84.084,15.487],[-84.077,15.487],[-84.072,15.482],[-84.072,15.49],[-84.058,15.5],[-84.044,15.524],[-84.055,15.524],[-84.056,15.525],[-84.042,15.526],[-84.03,15.517],[-84.016,15.517],[-84.012,15.514],[-84.002,15.504],[-83.983,15.497],[-83.976,15.496],[-83.969,15.498],[-83.965,15.501],[-83.965,15.505],[-83.963,15.506],[-83.96,15.494],[-83.952,15.488],[-83.941,15.483],[-83.93,15.473],[-83.925,15.463],[-83.923,15.455],[-83.924,15.45],[-83.932,15.453],[-83.932,15.454],[-83.938,15.455],[-83.93,15.45],[-83.922,15.442],[-83.897,15.438],[-83.883,15.441],[-83.869,15.435],[-83.861,15.429],[-83.836,15.426],[-83.825,15.42],[-83.822,15.417],[-83.805,15.409],[-83.804,15.408],[-83.802,15.408],[-83.793,15.398],[-83.788,15.396],[-83.784,15.391],[-83.777,15.386],[-83.775,15.383],[-83.77,15.384],[-83.768,15.382],[-83.758,15.379],[-83.756,15.376],[-83.751,15.377],[-83.751,15.378],[-83.749,15.373],[-83.748,15.374],[-83.749,15.379],[-83.746,15.376],[-83.744,15.377],[-83.743,15.374],[-83.74,15.375],[-83.734,15.386],[-83.728,15.391],[-83.728,15.393],[-83.767,15.402],[-83.807,15.416],[-83.851,15.439],[-83.888,15.464],[-83.926,15.494],[-83.983,15.544],[-84.1,15.651],[-84.199,15.732],[-84.29,15.802],[-84.297,15.81],[-84.301,15.81],[-84.304,15.815],[-84.306,15.817],[-84.362,15.82],[-84.405,15.822],[-84.449,15.826],[-84.487,15.832],[-84.597,15.854],[-84.643,15.865],[-84.648,15.865],[-84.648,15.864],[-84.651,15.862],[-84.662,15.87],[-84.685,15.873],[-84.698,15.877],[-84.7,15.876],[-84.789,15.901],[-84.876,15.934],[-84.902,15.947],[-84.905,15.95],[-84.916,15.955],[-84.918,15.955],[-84.918,15.954],[-84.921,15.958],[-84.926,15.957],[-84.93,15.959],[-85.0,15.981],[-85.0,15.579],[-85.0,15.071]]],[[[-84.043,15.431],[-84.051,15.449],[-84.055,15.472],[-84.056,15.474],[-84.071,15.477],[-84.078,15.485],[-84.084,15.485],[-84.085,15.48],[-84.084,15.474],[-84.073,15.468],[-84.071,15.463],[-84.069,15.461],[-84.067,15.456],[-84.062,15.451],[-84.06,15.447],[-84.062,15.436],[-84.052,15.419],[-84.052,15.413],[-84.054,15.409],[-84.054,15.404],[-84.047,15.406],[-84.038,15.415],[-84.038,15.422],[-84.043,15.431]]]]}},{"type":"Feature","properties":{"shapeName":"Bay Islands","shapeISO":"HN-IB","shapeID":"10453824B39335940856231","shapeGroup":"HND","shapeType":"ADM1"},"geometry":{"type":"MultiPolygon","coordinates":[[[[-86.484,15.977],[-86.486,15.975],[-86.485,15.974],[-86.48,15.975],[-86.479,15.973],[-86.48,15.967],[-86.478,15.967],[-86.476,15.964],[-86.473,15.965],[-86.472,15.971],[-86.468,15.976],[-86.469,15.979],[-86.475,15.98],[-86.477,15.982],[-86.478,15.978],[-86.484,15.977]]],[[[-86.91,16.096],[-86.903,16.097],[-86.905,16.095],[-86.91,16.095],[-86.909,16.091],[-86.913,16.089],[-86.91,16.09],[-86.901,16.097],[-86.895,16.096],[-86.893,16.093],[-86.892,16.09],[-86.894,16.087],[-86.889,16.086],[-86.882,16.093],[-86.884,16.093],[-86.881,16.095],[-86.883,16.096],[-86.883,16.101],[-86.874,16.109],[-86.872,16.113],[-86.873,16.118],[-86.884,16.123],[-86.896,16.123],[-86.905,16.12],[-86.904,16.116],[-86.906,16.117],[-86.906,16.119],[-86.907,16.119],[-86.907,16.117],[-86.911,16.115],[-86.923,16.117],[-86.928,16.121],[-86.934,16.121],[-86.939,16.119],[-86.94,16.116],[-86.942,16.117],[-86.944,16.115],[-86.941,16.113],[-86.944,16.108],[-86.954,16.105],[-86.956,16.107],[-86.955,16.109],[-86.957,16.109],[-86.965,16.106],[-86.965,16.105],[-86.971,16.104],[-86.97,16.103],[-86.972,16.1],[-86.977,16.101],[-86.977,16.102],[-86.978,16.101],[-86.981,16.1],[-86.989,16.092],[-86.99,16.081],[-86.973,16.076],[-86.971,16.076],[-86.97,16.078],[-86.971,16.076],[-86.967,16.069],[-86.956,16.069],[-86.942,16.077],[-86.937,16.077],[-86.93,16.08],[-86.918,16.084],[-86.915,16.087],[-86.914,16.09],[-86.916,16.087],[-86.924,16.086],[-86.921,16.088],[-86.921,16.089],[-86.912,16.093],[-86.913,16.098],[-86.912,16.096],[-86.91,16.096]]],[[[-86.484,16.366],[-86.487,16.365],[-86.49,16.365],[-86.492,16.367],[-86.495,16.367],[-86.497,16.363],[-86.5,16.362],[-86.5,16.359],[-86.504,16.359],[-86.505,16.357],[-86.511,16.355],[-86.511,16.353],[-86.518,16.355],[-86.52,16.349],[-86.523,16.349],[-86.522,16.351],[-86.525,16.352],[-86.525,16.354],[-86.526,16.352],[-86.531,16.349],[-86.536,16.349],[-86.538,16.346],[-86.543,16.347],[-86.562,16.336],[-86.571,16.327],[-86.582,16.319],[-86.584,16.319],[-86.582,16.316],[-86.582,16.315],[-86.586,16.313],[-86.586,16.316],[-86.587,16.318],[-86.587,16.315],[-86.589,16.316],[-86.591,16.314],[-86.59,16.313],[-86.589,16.308],[-86.591,16.308],[-86.593,16.312],[-86.595,16.309],[-86.593,16.307],[-86.594,16.305],[-86.596,16.306],[-86.594,16.302],[-86.595,16.291],[-86.599,16.283],[-86.598,16.283],[-86.599,16.283],[-86.6,16.28],[-86.599,16.275],[-86.603,16.268],[-86.602,16.267],[-86.598,16.269],[-86.581,16.282],[-86.579,16.284],[-86.581,16.285],[-86.578,16.285],[-86.571,16.291],[-86.57,16.294],[-86.565,16.296],[-86.556,16.306],[-86.551,16.313],[-86.547,16.315],[-86.544,16.313],[-86.544,16.315],[-86.541,16.316],[-86.54,16.313],[-86.536,16.314],[-86.535,16.316],[-86.533,16.314],[-86.53,16.315],[-86.533,16.313],[-86.532,16.312],[-86.517,16.319],[-86.512,16.319],[-86.512,16.322],[-86.51,16.32],[-86.507,16.321],[-86.506,16.324],[-86.501,16.324],[-86.502,16.328],[-86.499,16.328],[-86.497,16.331],[-86.498,16.327],[-86.495,16.325],[-86.494,16.322],[-86.488,16.323],[-86.486,16.324],[-86.484,16.328],[-86.485,16.333],[-86.486,16.332],[-86.487,16.333],[-86.486,16.336],[-86.476,16.338],[-86.475,16.34],[-86.469,16.344],[-86.46,16.354],[-86.459,16.351],[-86.461,16.349],[-86.459,16.348],[-86.452,16.351],[-86.453,16.354],[-86.454,16.351],[-86.459,16.349],[-86.455,16.351],[-86.456,16.353],[-86.454,16.355],[-86.451,16.356],[-86.451,16.354],[-86.44,16.357],[-86.441,16.359],[-86.435,16.361],[-86.436,16.362],[-86.435,16.364],[-86.434,16.362],[-86.431,16.363],[-86.432,16.362],[-86.432,16.36],[-86.427,16.36],[-86.428,16.359],[-86.433,16.36],[-86.432,16.359],[-86.42,16.36],[-86.421,16.365],[-86.419,16.364],[-86.419,16.367],[-86.421,16.368],[-86.42,16.37],[-86.417,16.37],[-86.416,16.366],[-86.418,16.361],[-86.414,16.361],[-86.411,16.365],[-86.412,16.363],[-86.412,16.366],[-86.413,16.366],[-86.413,16.369],[-86.411,16.368],[-86.411,16.37],[-86.408,16.366],[-86.41,16.366],[-86.4,16.368],[-86.403,16.37],[-86.4,16.371],[-86.394,16.368],[-86.394,16.367],[-86.392,16.367],[-86.386,16.376],[-86.389,16.381],[-86.387,16.385],[-86.385,16.385],[-86.382,16.378],[-86.38,16.381],[-86.375,16.383],[-86.377,16.385],[-86.377,16.387],[-86.381,16.388],[-86.378,16.388],[-86.38,16.393],[-86.376,16.39],[-86.376,16.394],[-86.373,16.39],[-86.373,16.386],[-86.367,16.388],[-86.366,16.396],[-86.364,16.388],[-86.362,16.387],[-86.359,16.388],[-86.358,16.387],[-86.354,16.39],[-86.358,16.388],[-86.354,16.391],[-86.354,16.399],[-86.352,16.396],[-86.353,16.393],[-86.352,16.392],[-86.343,16.392],[-86.343,16.395],[-86.341,16.397],[-86.341,16.394],[-86.338,16.392],[-86.337,16.393],[-86.339,16.395],[-86.34,16.4],[-86.339,16.401],[-86.341,16.404],[-86.337,16.409],[-86.338,16.403],[-86.335,16.398],[-86.336,16.394],[-86.333,16.393],[-86.323,16.393],[-86.32,16.395],[-86.321,16.395],[-86.318,16.404],[-86.31,16.406],[-86.304,16.405],[-86.299,16.407],[-86.297,16.415],[-86.287,16.415],[-86.278,16.412],[-86.276,16.41],[-86.268,16.42],[-86.262,16.417],[-86.262,16.423],[-86.264,16.426],[-86.264,16.427],[-86.27,16.431],[-86.276,16.431],[-86.291,16.429],[-86.306,16.43],[-86.309,16.427],[-86.316,16.43],[-86.315,16.427],[-86.312,16.426],[-86.315,16.427],[-86.314,16.425],[-86.316,16.427],[-86.316,16.425],[-86.319,16.425],[-86.32,16.424],[-86.33,16.423],[-86.333,16.421],[-86.34,16.422],[-86.343,16.42],[-86.341,16.418],[-86.343,16.42],[-86.345,16.419],[-86.347,16.417],[-86.35,16.418],[-86.352,16.421],[-86.356,16.417],[-86.357,16.417],[-86.357,16.418],[-86.367,16.416],[-86.377,16.41],[-86.389,16.407],[-86.391,16.405],[-86.393,16.402],[-86.397,16.402],[-86.399,16.403],[-86.397,16.406],[-86.399,16.405],[-86.4,16.403],[-86.407,16.4],[-86.404,16.4],[-86.406,16.396],[-86.41,16.395],[-86.415,16.395],[-86.418,16.394],[-86.419,16.39],[-86.42,16.39],[-86.425,16.391],[-86.427,16.389],[-86.427,16.391],[-86.431,16.384],[-86.438,16.383],[-86.439,16.379],[-86.453,16.375],[-86.455,16.378],[-86.457,16.377],[-86.46,16.379],[-86.461,16.377],[-86.463,16.378],[-86.471,16.372],[-86.484,16.366]]],[[[-86.23,16.421],[-86.232,16.418],[-86.229,16.418],[-86.227,16.409],[-86.218,16.412],[-86.218,16.414],[-86.214,16.416],[-86.214,16.417],[-86.212,16.419],[-86.209,16.418],[-86.204,16.424],[-86.197,16.424],[-86.192,16.422],[-86.19,16.424],[-86.193,16.428],[-86.196,16.429],[-86.197,16.431],[-86.204,16.428],[-86.215,16.426],[-86.217,16.427],[-86.222,16.424],[-86.227,16.426],[-86.228,16.425],[-86.225,16.425],[-86.224,16.423],[-86.224,16.42],[-86.23,16.421]]],[[[-86.142,16.429],[-86.127,16.439],[-86.123,16.445],[-86.138,16.444],[-86.14,16.444],[-86.14,16.446],[-86.142,16.445],[-86.146,16.446],[-86.146,16.444],[-86.153,16.443],[-86.16,16.44],[-86.161,16.438],[-86.167,16.434],[-86.169,16.43],[-86.168,16.427],[-86.166,16.427],[-86.157,16.433],[-86.148,16.434],[-86.142,16.429]]],[[[-83.915,17.41],[-83.921,17.412],[-83.923,17.418],[-83.932,17.414],[-83.93,17.411],[-83.935,17.412],[-83.939,17.41],[-83.942,17.411],[-83.944,17.408],[-83.945,17.405],[-83.942,17.401],[-83.932,17.406],[-83.929,17.404],[-83.927,17.405],[-83.928,17.406],[-83.923,17.408],[-83.914,17.408],[-83.915,17.41]]],[[[-83.907,17.407],[-83.893,17.41],[-83.89,17.413],[-83.893,17.416],[-83.899,17.416],[-83.901,17.414],[-83.907,17.41],[-83.912,17.408],[-83.907,17.407]]],[[[-85.917,16.45],[-85.918,16.45],[-85.918,16.452],[-85.922,16.453],[-85.924,16.456],[-85.931,16.454],[-85.933,16.444],[-85.938,16.437],[-85.936,16.432],[-85.946,16.417],[-85.952,16.403],[-85.944,16.404],[-85.937,16.41],[-85.933,16.411],[-85.932,16.415],[-85.929,16.418],[-85.92,16.421],[-85.917,16.427],[-85.906,16.433],[-85.905,16.433],[-85.898,16.438],[-85.899,16.441],[-85.903,16.441],[-85.904,16.442],[-85.906,16.441],[-85.908,16.443],[-85.905,16.442],[-85.91,16.444],[-85.913,16.446],[-85.915,16.444],[-85.913,16.447],[-85.917,16.45]]],[[[-85.849,16.505],[-85.847,16.508],[-85.842,16.508],[-85.843,16.514],[-85.85,16.515],[-85.851,16.513],[-85.852,16.515],[-85.854,16.514],[-85.858,16.516],[-85.863,16.513],[-85.865,16.509],[-85.868,16.509],[-85.866,16.507],[-85.866,16.502],[-85.863,16.501],[-85.866,16.5],[-85.866,16.498],[-85.872,16.503],[-85.876,16.502],[-85.879,16.504],[-85.881,16.504],[-85.888,16.5],[-85.899,16.483],[-85.904,16.481],[-85.908,16.482],[-85.905,16.478],[-85.914,16.468],[-85.915,16.46],[-85.914,16.455],[-85.915,16.452],[-85.918,16.451],[-85.917,16.45],[-85.911,16.446],[-85.904,16.443],[-85.9,16.443],[-85.9,16.441],[-85.892,16.444],[-85.89,16.449],[-85.872,16.458],[-85.865,16.454],[-85.863,16.456],[-85.862,16.455],[-85.865,16.453],[-85.868,16.453],[-85.866,16.452],[-85.861,16.452],[-85.859,16.454],[-85.847,16.469],[-85.85,16.472],[-85.849,16.48],[-85.853,16.485],[-85.852,16.486],[-85.847,16.485],[-85.846,16.483],[-85.842,16.483],[-85.838,16.485],[-85.833,16.484],[-85.826,16.489],[-85.819,16.491],[-85.816,16.497],[-85.818,16.5],[-85.821,16.499],[-85.823,16.501],[-85.823,16.508],[-85.825,16.508],[-85.83,16.504],[-85.832,16.502],[-85.838,16.505],[-85.842,16.504],[-85.843,16.506],[-85.845,16.504],[-85.849,16.505]]]]}},{"type":"Feature","properties":{"shapeName":"Choluteca","shapeISO":"HN-CH","shapeID":"10453824B23263650177640","shapeGroup":"HND","shapeType":"ADM1"},"geometry":{"type":"MultiPolygon","coordinates":[[[[-87.368,13.4],[-87.374,13.399],[-87.371,13.397],[-87.372,13.395],[-87.371,13.395],[-87.367,13.396],[-87.372,13.394],[-87.372,13.396],[-87.372,13.397],[-87.375,13.4],[-87.379,13.399],[-87.379,13.396],[-87.378,13.395],[-87.378,13.393],[-87.376,13.393],[-87.376,13.396],[-87.375,13.392],[-87.373,13.391],[-87.376,13.391],[-87.376,13.388],[-87.374,13.39],[-87.372,13.39],[-87.374,13.389],[-87.374,13.388],[-87.374,13.389],[-87.376,13.388],[-87.376,13.385],[-87.377,13.385],[-87.378,13.384],[-87.376,13.389],[-87.379,13.39],[-87.381,13.385],[-87.38,13.383],[-87.381,13.384],[-87.385,13.382],[-87.383,13.381],[-87.379,13.381],[-87.383,13.38],[-87.382,13.379],[-87.384,13.381],[-87.385,13.38],[-87.384,13.377],[-87.381,13.377],[-87.384,13.374],[-87.381,13.375],[-87.38,13.375],[-87.381,13.375],[-87.381,13.373],[-87.381,13.372],[-87.382,13.374],[-87.384,13.372],[-87.385,13.373],[-87.388,13.37],[-87.387,13.369],[-87.39,13.367],[-87.388,13.366],[-87.389,13.364],[-87.388,13.364],[-87.389,13.364],[-87.39,13.365],[-87.389,13.366],[-87.391,13.366],[-87.391,13.364],[-87.389,13.364],[-87.391,13.36],[-87.391,13.365],[-87.393,13.363],[-87.391,13.366],[-87.397,13.367],[-87.399,13.366],[-87.399,13.367],[-87.404,13.368],[-87.404,13.367],[-87.404,13.368],[-87.409,13.369],[-87.414,13.366],[-87.413,13.363],[-87.409,13.366],[-87.412,13.363],[-87.413,13.363],[-87.414,13.365],[-87.418,13.356],[-87.417,13.353],[-87.413,13.354],[-87.413,13.357],[-87.411,13.358],[-87.41,13.358],[-87.409,13.356],[-87.41,13.357],[-87.411,13.358],[-87.413,13.357],[-87.413,13.353],[-87.41,13.352],[-87.418,13.353],[-87.419,13.351],[-87.418,13.353],[-87.42,13.353],[-87.424,13.35],[-87.426,13.352],[-87.43,13.351],[-87.439,13.357],[-87.447,13.355],[-87.458,13.355],[-87.456,13.351],[-87.457,13.349],[-87.457,13.345],[-87.464,13.341],[-87.467,13.341],[-87.465,13.338],[-87.466,13.334],[-87.464,13.329],[-87.467,13.32],[-87.471,13.315],[-87.47,13.313],[-87.475,13.311],[-87.474,13.305],[-87.488,13.302],[-87.489,13.3],[-87.493,13.298],[-87.497,13.298],[-87.498,13.3],[-87.501,13.299],[-87.511,13.287],[-87.515,13.275],[-87.514,13.264],[-87.511,13.263],[-87.507,13.264],[-87.505,13.267],[-87.51,13.263],[-87.514,13.265],[-87.511,13.269],[-87.504,13.272],[-87.489,13.265],[-87.486,13.265],[-87.485,13.262],[-87.469,13.248],[-87.467,13.243],[-87.467,13.241],[-87.455,13.232],[-87.455,13.227],[-87.458,13.224],[-87.458,13.22],[-87.449,13.207],[-87.438,13.185],[-87.432,13.163],[-87.43,13.15],[-87.431,13.136],[-87.43,13.126],[-87.426,13.125],[-87.428,13.111],[-87.431,13.104],[-87.431,13.101],[-87.429,13.103],[-87.429,13.106],[-87.426,13.111],[-87.424,13.116],[-87.423,13.115],[-87.417,13.114],[-87.414,13.116],[-87.412,13.114],[-87.409,13.114],[-87.409,13.116],[-87.402,13.115],[-87.4,13.113],[-87.401,13.11],[-87.399,13.11],[-87.39,13.115],[-87.384,13.112],[-87.374,13.109],[-87.363,13.101],[-87.355,13.102],[-87.354,13.099],[-87.342,13.095],[-87.341,13.091],[-87.368,13.082],[-87.368,13.078],[-87.355,13.059],[-87.333,13.034],[-87.322,13.028],[-87.309,13.023],[-87.282,13.027],[-87.28,13.023],[-87.294,13.019],[-87.299,13.015],[-87.305,13.003],[-87.304,12.999],[-87.306,12.998],[-87.308,12.988],[-87.065,13.002],[-87.064,12.999],[-87.06,12.993],[-87.056,12.992],[-87.05,12.992],[-87.053,12.986],[-87.05,12.981],[-87.049,12.982],[-87.051,12.986],[-87.049,12.988],[-87.044,12.988],[-87.043,12.986],[-87.031,12.987],[-87.029,12.986],[-87.024,12.991],[-87.025,12.994],[-87.024,12.997],[-87.028,13.002],[-87.023,13.008],[-87.02,13.008],[-87.017,13.005],[-87.017,13.003],[-87.02,13.002],[-87.02,13.0],[-87.01,13.003],[-87.007,13.011],[-87.002,13.014],[-86.998,13.019],[-86.989,13.024],[-86.986,13.024],[-86.985,13.022],[-86.977,13.021],[-86.977,13.025],[-86.972,13.029],[-86.964,13.03],[-86.963,13.033],[-86.955,13.038],[-86.959,13.052],[-86.954,13.055],[-86.954,13.064],[-86.948,13.068],[-86.943,13.069],[-86.934,13.079],[-86.925,13.083],[-86.922,13.09],[-86.918,13.092],[-86.916,13.099],[-86.919,13.103],[-86.928,13.102],[-86.926,13.108],[-86.928,13.12],[-86.93,13.124],[-86.933,13.124],[-86.934,13.126],[-86.924,13.133],[-86.922,13.139],[-86.922,13.142],[-86.925,13.145],[-86.924,13.148],[-86.919,13.151],[-86.914,13.151],[-86.913,13.155],[-86.915,13.159],[-86.92,13.163],[-86.923,13.17],[-86.932,13.176],[-86.933,13.179],[-86.931,13.186],[-86.932,13.189],[-86.927,13.19],[-86.924,13.192],[-86.92,13.2],[-86.921,13.208],[-86.917,13.208],[-86.918,13.21],[-86.916,13.212],[-86.916,13.216],[-86.923,13.224],[-86.921,13.225],[-86.911,13.222],[-86.91,13.223],[-86.911,13.232],[-86.914,13.233],[-86.911,13.238],[-86.913,13.243],[-86.91,13.243],[-86.908,13.245],[-86.906,13.253],[-86.907,13.255],[-86.912,13.257],[-86.916,13.26],[-86.911,13.264],[-86.909,13.269],[-86.903,13.268],[-86.901,13.271],[-86.896,13.271],[-86.893,13.273],[-86.888,13.274],[-86.883,13.279],[-86.88,13.279],[-86.879,13.281],[-86.875,13.281],[-86.876,13.286],[-86.873,13.296],[-86.867,13.305],[-86.851,13.3],[-86.835,13.306],[-86.834,13.312],[-86.829,13.313],[-86.815,13.31],[-86.813,13.307],[-86.799,13.303],[-86.797,13.298],[-86.793,13.299],[-86.791,13.294],[-86.754,13.267],[-86.728,13.289],[-86.716,13.296],[-86.711,13.296],[-86.709,13.302],[-86.706,13.303],[-86.704,13.317],[-86.707,13.324],[-86.711,13.359],[-86.707,13.365],[-86.713,13.376],[-86.719,13.381],[-86.724,13.381],[-86.727,13.379],[-86.737,13.381],[-86.744,13.402],[-86.744,13.406],[-86.736,13.417],[-86.73,13.422],[-86.721,13.435],[-86.724,13.44],[-86.725,13.445],[-86.723,13.45],[-86.723,13.457],[-86.741,13.487],[-86.742,13.528],[-86.749,13.565],[-86.757,13.571],[-86.765,13.571],[-86.77,13.577],[-86.77,13.582],[-86.749,13.639],[-86.755,13.651],[-86.768,13.651],[-86.786,13.662],[-86.769,13.7],[-86.778,13.701],[-86.783,13.696],[-86.787,13.703],[-86.789,13.703],[-86.791,13.699],[-86.797,13.693],[-86.801,13.688],[-86.803,13.675],[-86.805,13.673],[-86.808,13.672],[-86.812,13.674],[-86.817,13.681],[-86.821,13.684],[-86.824,13.682],[-86.826,13.677],[-86.83,13.677],[-86.838,13.68],[-86.843,13.668],[-86.849,13.664],[-86.862,13.66],[-86.867,13.655],[-86.884,13.648],[-86.885,13.65],[-86.888,13.652],[-86.886,13.656],[-86.905,13.65],[-86.931,13.661],[-86.933,13.648],[-86.932,13.637],[-86.94,13.619],[-86.946,13.614],[-86.96,13.597],[-87.021,13.54],[-87.025,13.54],[-87.024,13.535],[-87.026,13.524],[-87.037,13.522],[-87.04,13.525],[-87.047,13.521],[-87.05,13.522],[-87.054,13.516],[-87.056,13.507],[-87.059,13.507],[-87.063,13.503],[-87.065,13.503],[-87.066,13.501],[-87.07,13.502],[-87.073,13.506],[-87.08,13.511],[-87.081,13.502],[-87.099,13.508],[-87.103,13.511],[-87.108,13.517],[-87.109,13.528],[-87.113,13.534],[-87.111,13.546],[-87.113,13.552],[-87.142,13.548],[-87.149,13.548],[-87.154,13.552],[-87.161,13.553],[-87.166,13.549],[-87.17,13.548],[-87.178,13.559],[-87.184,13.563],[-87.185,13.575],[-87.184,13.578],[-87.187,13.584],[-87.184,13.591],[-87.186,13.595],[-87.192,13.601],[-87.201,13.614],[-87.209,13.615],[-87.218,13.613],[-87.223,13.614],[-87.225,13.616],[-87.221,13.623],[-87.212,13.668],[-87.253,13.688],[-87.261,13.686],[-87.265,13.687],[-87.263,13.681],[-87.267,13.681],[-87.268,13.678],[-87.272,13.68],[-87.276,13.686],[-87.281,13.68],[-87.285,13.68],[-87.29,13.678],[-87.292,13.682],[-87.299,13.681],[-87.298,13.683],[-87.3,13.685],[-87.311,13.69],[-87.317,13.691],[-87.32,13.688],[-87.326,13.686],[-87.329,13.688],[-87.333,13.687],[-87.343,13.687],[-87.352,13.685],[-87.357,13.685],[-87.358,13.686],[-87.36,13.684],[-87.364,13.692],[-87.362,13.699],[-87.363,13.7],[-87.368,13.7],[-87.381,13.707],[-87.386,13.712],[-87.386,13.718],[-87.394,13.718],[-87.394,13.733],[-87.389,13.738],[-87.389,13.744],[-87.381,13.751],[-87.381,13.755],[-87.386,13.753],[-87.395,13.753],[-87.399,13.749],[-87.402,13.749],[-87.412,13.753],[-87.419,13.758],[-87.434,13.758],[-87.441,13.76],[-87.447,13.757],[-87.452,13.757],[-87.456,13.753],[-87.456,13.735],[-87.451,13.729],[-87.454,13.725],[-87.454,13.718],[-87.459,13.713],[-87.46,13.693],[-87.465,13.683],[-87.46,13.676],[-87.46,13.671],[-87.457,13.664],[-87.45,13.655],[-87.436,13.648],[-87.424,13.645],[-87.41,13.636],[-87.411,13.633],[-87.419,13.615],[-87.428,13.592],[-87.424,13.59],[-87.415,13.588],[-87.415,13.585],[-87.411,13.583],[-87.411,13.581],[-87.415,13.576],[-87.398,13.545],[-87.392,13.537],[-87.372,13.531],[-87.36,13.523],[-87.361,13.507],[-87.367,13.495],[-87.367,13.485],[-87.365,13.479],[-87.346,13.451],[-87.342,13.434],[-87.343,13.43],[-87.346,13.43],[-87.345,13.428],[-87.348,13.427],[-87.351,13.418],[-87.351,13.413],[-87.355,13.406],[-87.361,13.406],[-87.361,13.403],[-87.365,13.401],[-87.367,13.402],[-87.368,13.4]]],[[[-87.425,13.359],[-87.424,13.358],[-87.421,13.362],[-87.419,13.367],[-87.419,13.369],[-87.418,13.368],[-87.415,13.371],[-87.408,13.374],[-87.413,13.376],[-87.418,13.376],[-87.418,13.371],[-87.42,13.374],[-87.423,13.373],[-87.42,13.375],[-87.418,13.373],[-87.42,13.377],[-87.421,13.378],[-87.423,13.377],[-87.423,13.377],[-87.423,13.379],[-87.425,13.379],[-87.423,13.379],[-87.423,13.377],[-87.422,13.378],[-87.421,13.383],[-87.425,13.382],[-87.426,13.38],[-87.426,13.372],[-87.427,13.364],[-87.425,13.359]]],[[[-87.411,13.393],[-87.416,13.391],[-87.414,13.389],[-87.414,13.387],[-87.418,13.386],[-87.42,13.384],[-87.416,13.383],[-87.416,13.385],[-87.414,13.381],[-87.419,13.383],[-87.42,13.379],[-87.417,13.377],[-87.417,13.379],[-87.416,13.377],[-87.412,13.379],[-87.414,13.378],[-87.408,13.377],[-87.41,13.377],[-87.406,13.374],[-87.406,13.376],[-87.404,13.375],[-87.404,13.38],[-87.407,13.382],[-87.407,13.381],[-87.409,13.381],[-87.407,13.381],[-87.408,13.383],[-87.413,13.385],[-87.411,13.391],[-87.411,13.393]]],[[[-87.387,13.39],[-87.381,13.392],[-87.38,13.394],[-87.386,13.395],[-87.394,13.402],[-87.396,13.402],[-87.398,13.393],[-87.397,13.389],[-87.393,13.39],[-87.396,13.388],[-87.398,13.388],[-87.399,13.39],[-87.398,13.401],[-87.405,13.398],[-87.412,13.401],[-87.413,13.399],[-87.415,13.397],[-87.412,13.397],[-87.413,13.396],[-87.41,13.393],[-87.408,13.393],[-87.406,13.392],[-87.408,13.392],[-87.409,13.391],[-87.408,13.393],[-87.41,13.393],[-87.412,13.387],[-87.412,13.386],[-87.409,13.386],[-87.409,13.385],[-87.407,13.385],[-87.403,13.389],[-87.403,13.387],[-87.406,13.385],[-87.405,13.382],[-87.403,13.382],[-87.402,13.381],[-87.401,13.383],[-87.399,13.381],[-87.398,13.386],[-87.397,13.383],[-87.394,13.384],[-87.394,13.383],[-87.391,13.383],[-87.393,13.383],[-87.393,13.379],[-87.394,13.382],[-87.399,13.381],[-87.397,13.38],[-87.396,13.38],[-87.395,13.379],[-87.391,13.379],[-87.392,13.377],[-87.397,13.379],[-87.395,13.374],[-87.397,13.379],[-87.401,13.38],[-87.401,13.375],[-87.402,13.372],[-87.397,13.369],[-87.392,13.37],[-87.388,13.373],[-87.388,13.385],[-87.391,13.385],[-87.389,13.386],[-87.386,13.389],[-87.389,13.388],[-87.387,13.39]]],[[[-87.423,13.383],[-87.421,13.384],[-87.421,13.386],[-87.42,13.385],[-87.419,13.387],[-87.42,13.389],[-87.418,13.39],[-87.418,13.391],[-87.416,13.391],[-87.412,13.394],[-87.415,13.396],[-87.416,13.395],[-87.418,13.396],[-87.416,13.396],[-87.416,13.398],[-87.413,13.399],[-87.415,13.4],[-87.413,13.4],[-87.414,13.403],[-87.417,13.404],[-87.418,13.403],[-87.423,13.391],[-87.424,13.383],[-87.423,13.383]]]]}},{"type":"Feature","properties":{"shapeName":"Colón","shapeISO":"HN-CL","shapeID":"10453824B27729717308702","shapeGroup":"HND","shapeType":"ADM1"},"geometry":{"type":"Polygon","coordinates":[[[-85.0,15.981],[-85.013,15.984],[-85.039,15.986],[-85.052,15.986],[-85.073,15.98],[-85.112,15.961],[-85.131,15.947],[-85.158,15.922],[-85.177,15.909],[-85.201,15.898],[-85.234,15.888],[-85.277,15.88],[-85.324,15.876],[-85.391,15.879],[-85.404,15.877],[-85.415,15.873],[-85.429,15.872],[-85.443,15.862],[-85.465,15.86],[-85.489,15.862],[-85.522,15.873],[-85.523,15.872],[-85.525,15.874],[-85.562,15.885],[-85.605,15.903],[-85.651,15.929],[-85.68,15.947],[-85.695,15.959],[-85.701,15.959],[-85.718,15.967],[-85.729,15.973],[-85.731,15.971],[-85.736,15.974],[-85.752,15.976],[-85.781,15.986],[-85.859,16.006],[-85.939,16.016],[-85.964,16.023],[-86.001,16.028],[-86.011,16.027],[-86.014,16.023],[-86.012,16.021],[-85.993,16.015],[-85.981,16.005],[-85.977,16.006],[-85.972,16.004],[-85.969,16.005],[-85.962,16.008],[-85.963,16.011],[-85.967,16.01],[-85.962,16.011],[-85.962,16.008],[-85.95,16.008],[-85.938,16.011],[-85.921,16.007],[-85.914,15.997],[-85.911,15.985],[-85.914,15.965],[-85.923,15.943],[-85.918,15.944],[-85.915,15.946],[-85.906,15.957],[-85.903,15.965],[-85.901,15.966],[-85.899,15.969],[-85.896,15.97],[-85.886,15.976],[-85.887,15.982],[-85.889,15.983],[-85.892,15.98],[-85.891,15.986],[-85.886,15.99],[-85.888,15.993],[-85.887,15.994],[-85.887,15.993],[-85.882,15.996],[-85.881,15.995],[-85.877,15.999],[-85.869,15.999],[-85.868,15.998],[-85.871,15.997],[-85.871,15.995],[-85.868,15.995],[-85.873,15.991],[-85.877,15.992],[-85.88,15.988],[-85.885,15.986],[-85.885,15.984],[-85.871,15.989],[-85.871,15.993],[-85.867,15.995],[-85.857,15.998],[-85.839,15.991],[-85.833,15.987],[-85.824,15.986],[-85.817,15.983],[-85.816,15.978],[-85.817,15.971],[-85.819,15.969],[-85.823,15.969],[-85.825,15.97],[-85.833,15.97],[-85.839,15.956],[-85.83,15.956],[-85.829,15.954],[-85.831,15.952],[-85.833,15.952],[-85.837,15.955],[-85.84,15.955],[-85.846,15.949],[-85.848,15.944],[-85.85,15.943],[-85.857,15.94],[-85.862,15.942],[-85.867,15.938],[-85.873,15.938],[-85.877,15.941],[-85.887,15.952],[-85.896,15.958],[-85.9,15.962],[-85.903,15.962],[-85.902,15.956],[-85.905,15.956],[-85.903,15.955],[-85.907,15.953],[-85.909,15.949],[-85.908,15.953],[-85.914,15.945],[-85.92,15.942],[-85.924,15.942],[-85.924,15.944],[-85.936,15.93],[-85.942,15.926],[-85.947,15.925],[-85.946,15.923],[-85.947,15.924],[-85.96,15.921],[-85.99,15.905],[-86.015,15.901],[-86.031,15.901],[-86.063,15.898],[-86.107,15.899],[-86.116,15.901],[-86.121,15.904],[-86.122,15.901],[-86.122,15.904],[-86.126,15.904],[-86.127,15.899],[-86.131,15.898],[-86.144,15.896],[-86.162,15.888],[-86.18,15.888],[-86.183,15.884],[-86.188,15.884],[-86.193,15.881],[-86.201,15.881],[-86.205,15.878],[-86.208,15.878],[-86.211,15.874],[-86.219,15.871],[-86.222,15.871],[-86.225,15.867],[-86.239,15.855],[-86.244,15.847],[-86.254,15.844],[-86.261,15.831],[-86.274,15.824],[-86.284,15.814],[-86.291,15.81],[-86.3,15.809],[-86.31,15.805],[-86.333,15.801],[-86.337,15.795],[-86.346,15.794],[-86.351,15.785],[-86.358,15.782],[-86.369,15.78],[-86.386,15.786],[-86.394,15.787],[-86.403,15.779],[-86.413,15.779],[-86.428,15.782],[-86.457,15.795],[-86.445,15.786],[-86.434,15.78],[-86.446,15.783],[-86.45,15.782],[-86.449,15.781],[-86.45,15.78],[-86.448,15.779],[-86.45,15.777],[-86.445,15.772],[-86.445,15.77],[-86.446,15.768],[-86.444,15.763],[-86.445,15.761],[-86.445,15.758],[-86.443,15.758],[-86.444,15.756],[-86.445,15.756],[-86.445,15.753],[-86.449,15.75],[-86.447,15.749],[-86.449,15.746],[-86.446,15.744],[-86.449,15.738],[-86.445,15.735],[-86.444,15.736],[-86.445,15.731],[-86.444,15.729],[-86.445,15.728],[-86.442,15.727],[-86.442,15.724],[-86.437,15.721],[-86.432,15.722],[-86.431,15.72],[-86.43,15.721],[-86.426,15.721],[-86.426,15.72],[-86.42,15.72],[-86.417,15.719],[-86.404,15.722],[-86.403,15.721],[-86.406,15.717],[-86.405,15.714],[-86.401,15.712],[-86.401,15.71],[-86.397,15.708],[-86.397,15.703],[-86.394,15.699],[-86.395,15.696],[-86.399,15.695],[-86.396,15.693],[-86.398,15.686],[-86.398,15.682],[-86.396,15.679],[-86.395,15.68],[-86.393,15.679],[-86.389,15.683],[-86.385,15.682],[-86.383,15.677],[-86.381,15.675],[-86.375,15.679],[-86.37,15.676],[-86.362,15.675],[-86.364,15.67],[-86.363,15.666],[-86.364,15.665],[-86.362,15.663],[-86.365,15.616],[-86.363,15.61],[-86.363,15.606],[-86.365,15.603],[-86.382,15.596],[-86.408,15.593],[-86.401,15.574],[-86.391,15.558],[-86.379,15.547],[-86.38,15.542],[-86.377,15.539],[-86.376,15.536],[-86.373,15.535],[-86.371,15.537],[-86.368,15.536],[-86.363,15.536],[-86.363,15.535],[-86.36,15.536],[-86.358,15.535],[-86.356,15.536],[-86.357,15.537],[-86.355,15.536],[-86.356,15.539],[-86.355,15.538],[-86.35,15.54],[-86.345,15.539],[-86.345,15.541],[-86.339,15.54],[-86.337,15.541],[-86.336,15.54],[-86.333,15.541],[-86.329,15.539],[-86.321,15.542],[-86.319,15.538],[-86.318,15.538],[-86.317,15.541],[-86.315,15.541],[-86.314,15.537],[-86.306,15.537],[-86.305,15.535],[-86.3,15.537],[-86.299,15.534],[-86.29,15.531],[-86.284,15.533],[-86.282,15.532],[-86.28,15.534],[-86.28,15.531],[-86.277,15.528],[-86.271,15.53],[-86.271,15.524],[-86.267,15.522],[-86.258,15.524],[-86.255,15.526],[-86.253,15.525],[-86.25,15.529],[-86.238,15.524],[-86.239,15.52],[-86.232,15.506],[-86.229,15.496],[-86.229,15.488],[-86.232,15.484],[-86.229,15.478],[-86.235,15.47],[-86.234,15.467],[-86.232,15.465],[-86.232,15.463],[-86.229,15.461],[-86.234,15.456],[-86.238,15.456],[-86.242,15.45],[-86.232,15.438],[-86.232,15.407],[-86.165,15.369],[-86.149,15.367],[-86.142,15.371],[-86.13,15.372],[-86.117,15.378],[-86.112,15.386],[-86.104,15.391],[-86.094,15.385],[-86.088,15.397],[-86.069,15.393],[-86.065,15.396],[-86.052,15.395],[-86.047,15.39],[-86.045,15.385],[-86.04,15.384],[-86.034,15.387],[-86.031,15.394],[-86.02,15.399],[-86.01,15.4],[-85.981,15.413],[-85.98,15.416],[-85.972,15.421],[-85.968,15.429],[-85.968,15.437],[-85.959,15.449],[-85.948,15.46],[-85.936,15.459],[-85.894,15.495],[-85.889,15.501],[-85.896,15.515],[-85.894,15.522],[-85.886,15.528],[-85.876,15.53],[-85.867,15.529],[-85.865,15.525],[-85.852,15.52],[-85.835,15.516],[-85.823,15.534],[-85.814,15.544],[-85.789,15.551],[-85.786,15.556],[-85.785,15.561],[-85.79,15.569],[-85.786,15.577],[-85.766,15.586],[-85.763,15.586],[-85.759,15.584],[-85.747,15.57],[-85.735,15.567],[-85.709,15.569],[-85.702,15.572],[-85.682,15.591],[-85.673,15.596],[-85.599,15.53],[-85.54,15.467],[-85.518,15.453],[-85.378,15.403],[-85.333,15.338],[-85.237,15.215],[-85.098,15.181],[-85.0,15.071],[-85.0,15.579],[-85.0,15.981]]]}},{"type":"Feature","properties":{"shapeName":"El Paraíso","shapeISO":"HN-EP","shapeID":"10453824B59135534570849","shapeGroup":"HND","shapeType":"ADM1"},"geometry":{"type":"Polygon","coordinates":[[[-86.769,13.7],[-86.77,13.706],[-86.766,13.716],[-86.764,13.717],[-86.764,13.724],[-86.761,13.724],[-86.765,13.736],[-86.764,13.741],[-86.765,13.745],[-86.772,13.753],[-86.766,13.766],[-86.763,13.769],[-86.723,13.787],[-86.666,13.784],[-86.664,13.777],[-86.662,13.777],[-86.659,13.775],[-86.649,13.78],[-86.65,13.779],[-86.646,13.778],[-86.645,13.779],[-86.645,13.776],[-86.641,13.78],[-86.639,13.779],[-86.639,13.783],[-86.636,13.782],[-86.634,13.786],[-86.632,13.785],[-86.628,13.788],[-86.627,13.787],[-86.624,13.786],[-86.621,13.788],[-86.619,13.787],[-86.616,13.784],[-86.611,13.785],[-86.609,13.782],[-86.605,13.786],[-86.601,13.785],[-86.6,13.787],[-86.595,13.789],[-86.585,13.784],[-86.581,13.786],[-86.576,13.791],[-86.57,13.794],[-86.564,13.8],[-86.561,13.802],[-86.556,13.802],[-86.551,13.797],[-86.544,13.8],[-86.538,13.805],[-86.531,13.801],[-86.53,13.795],[-86.523,13.789],[-86.523,13.781],[-86.522,13.78],[-86.516,13.778],[-86.514,13.775],[-86.505,13.776],[-86.495,13.774],[-86.491,13.769],[-86.488,13.769],[-86.487,13.771],[-86.484,13.772],[-86.482,13.777],[-86.48,13.777],[-86.478,13.771],[-86.474,13.771],[-86.467,13.776],[-86.465,13.78],[-86.461,13.782],[-86.461,13.786],[-86.458,13.786],[-86.454,13.79],[-86.452,13.788],[-86.452,13.784],[-86.449,13.783],[-86.447,13.78],[-86.446,13.773],[-86.444,13.767],[-86.437,13.763],[-86.432,13.765],[-86.425,13.766],[-86.422,13.764],[-86.417,13.759],[-86.411,13.76],[-86.403,13.759],[-86.401,13.762],[-86.399,13.763],[-86.392,13.761],[-86.387,13.762],[-86.384,13.763],[-86.378,13.771],[-86.377,13.771],[-86.372,13.765],[-86.367,13.763],[-86.356,13.766],[-86.351,13.763],[-86.346,13.769],[-86.342,13.767],[-86.339,13.769],[-86.332,13.769],[-86.327,13.779],[-86.316,13.793],[-86.317,13.797],[-86.317,13.803],[-86.305,13.807],[-86.304,13.808],[-86.304,13.815],[-86.296,13.816],[-86.295,13.826],[-86.303,13.839],[-86.3,13.84],[-86.3,13.845],[-86.297,13.847],[-86.299,13.853],[-86.291,13.852],[-86.289,13.855],[-86.286,13.854],[-86.282,13.856],[-86.28,13.859],[-86.279,13.867],[-86.276,13.869],[-86.278,13.876],[-86.269,13.878],[-86.268,13.881],[-86.266,13.881],[-86.261,13.882],[-86.257,13.88],[-86.258,13.886],[-86.257,13.887],[-86.252,13.888],[-86.249,13.887],[-86.247,13.889],[-86.25,13.892],[-86.245,13.895],[-86.243,13.904],[-86.227,13.907],[-86.225,13.908],[-86.225,13.912],[-86.222,13.915],[-86.226,13.92],[-86.226,13.924],[-86.225,13.927],[-86.218,13.933],[-86.218,13.937],[-86.212,13.939],[-86.201,13.937],[-86.198,13.942],[-86.196,13.942],[-86.198,13.947],[-86.196,13.955],[-86.186,13.955],[-86.185,13.96],[-86.189,13.969],[-86.188,13.974],[-86.193,13.98],[-86.191,13.984],[-86.187,13.986],[-86.171,13.98],[-86.164,13.983],[-86.158,13.993],[-86.154,13.994],[-86.149,14.0],[-86.141,14.0],[-86.142,14.003],[-86.14,14.007],[-86.144,14.008],[-86.144,14.014],[-86.15,14.014],[-86.154,14.017],[-86.154,14.021],[-86.157,14.024],[-86.153,14.035],[-86.143,14.038],[-86.138,14.043],[-86.134,14.044],[-86.133,14.045],[-86.136,14.049],[-86.135,14.05],[-86.131,14.049],[-86.126,14.045],[-86.118,14.045],[-86.117,14.05],[-86.107,14.058],[-86.104,14.058],[-86.096,14.063],[-86.091,14.064],[-86.089,14.064],[-86.086,14.065],[-86.077,14.064],[-86.076,14.07],[-86.043,14.07],[-86.039,14.074],[-86.039,14.077],[-86.011,14.08],[-86.003,14.07],[-86.011,14.061],[-86.009,14.056],[-86.042,13.996],[-86.038,13.994],[-86.034,13.994],[-86.03,13.998],[-86.024,13.998],[-86.022,13.991],[-86.019,13.991],[-86.017,13.992],[-86.016,13.99],[-86.016,13.986],[-86.011,13.986],[-86.002,13.978],[-86.0,13.974],[-86.001,13.972],[-85.995,13.97],[-85.995,13.964],[-85.994,13.966],[-85.991,13.965],[-85.988,13.965],[-85.988,13.97],[-85.985,13.968],[-85.983,13.969],[-85.983,13.968],[-85.98,13.968],[-85.98,13.966],[-85.977,13.962],[-85.975,13.961],[-85.972,13.963],[-85.97,13.962],[-85.97,13.96],[-85.967,13.96],[-85.966,13.958],[-85.968,13.957],[-85.965,13.954],[-85.964,13.951],[-85.954,13.951],[-85.95,13.947],[-85.949,13.947],[-85.948,13.944],[-85.945,13.945],[-85.943,13.943],[-85.936,13.941],[-85.935,13.937],[-85.929,13.936],[-85.929,13.935],[-85.924,13.934],[-85.922,13.932],[-85.92,13.932],[-85.92,13.935],[-85.919,13.938],[-85.915,13.935],[-85.913,13.929],[-85.914,13.927],[-85.913,13.926],[-85.916,13.916],[-85.914,13.908],[-85.909,13.909],[-85.909,13.907],[-85.903,13.907],[-85.903,13.905],[-85.898,13.903],[-85.896,13.906],[-85.894,13.904],[-85.892,13.904],[-85.894,13.907],[-85.889,13.913],[-85.891,13.914],[-85.892,13.916],[-85.887,13.922],[-85.889,13.925],[-85.884,13.925],[-85.882,13.93],[-85.879,13.926],[-85.871,13.925],[-85.869,13.922],[-85.863,13.923],[-85.861,13.921],[-85.856,13.921],[-85.855,13.92],[-85.853,13.921],[-85.85,13.918],[-85.845,13.918],[-85.844,13.914],[-85.839,13.911],[-85.84,13.91],[-85.843,13.911],[-85.842,13.907],[-85.836,13.905],[-85.837,13.903],[-85.84,13.903],[-85.837,13.899],[-85.842,13.896],[-85.838,13.893],[-85.838,13.89],[-85.841,13.89],[-85.837,13.888],[-85.839,13.888],[-85.842,13.884],[-85.839,13.885],[-85.837,13.882],[-85.837,13.878],[-85.826,13.87],[-85.828,13.867],[-85.826,13.864],[-85.827,13.857],[-85.821,13.859],[-85.821,13.857],[-85.822,13.856],[-85.822,13.855],[-85.82,13.849],[-85.813,13.85],[-85.806,13.846],[-85.804,13.843],[-85.797,13.842],[-85.795,13.843],[-85.794,13.842],[-85.791,13.845],[-85.785,13.842],[-85.785,13.844],[-85.778,13.846],[-85.775,13.849],[-85.766,13.849],[-85.759,13.843],[-85.755,13.847],[-85.756,13.842],[-85.753,13.837],[-85.755,13.834],[-85.752,13.832],[-85.747,13.84],[-85.738,13.843],[-85.737,13.846],[-85.741,13.849],[-85.742,13.853],[-85.735,13.858],[-85.733,13.861],[-85.738,13.871],[-85.749,13.877],[-85.754,13.882],[-85.756,13.883],[-85.762,13.882],[-85.764,13.884],[-85.755,13.905],[-85.757,13.912],[-85.755,13.915],[-85.754,13.924],[-85.752,13.93],[-85.753,13.942],[-85.757,13.948],[-85.758,13.952],[-85.752,13.957],[-85.755,13.962],[-85.753,13.968],[-85.747,13.97],[-85.741,13.971],[-85.737,13.969],[-85.733,13.97],[-85.729,13.974],[-85.724,13.976],[-85.724,13.982],[-85.715,13.986],[-85.71,13.992],[-85.707,13.993],[-85.687,13.988],[-85.683,13.981],[-85.681,13.979],[-85.676,13.98],[-85.672,13.984],[-85.667,13.986],[-85.668,13.997],[-85.664,14.004],[-85.665,14.008],[-85.664,14.012],[-85.66,14.01],[-85.638,14.011],[-85.625,14.009],[-85.623,14.012],[-85.625,14.018],[-85.624,14.021],[-85.615,14.019],[-85.61,14.025],[-85.604,14.027],[-85.602,14.032],[-85.597,14.035],[-85.591,14.045],[-85.585,14.04],[-85.581,14.043],[-85.577,14.044],[-85.578,14.059],[-85.574,14.065],[-85.57,14.064],[-85.569,14.071],[-85.576,14.078],[-85.578,14.083],[-85.584,14.081],[-85.585,14.08],[-85.586,14.081],[-85.587,14.083],[-85.592,14.083],[-85.595,14.088],[-85.6,14.091],[-85.601,14.093],[-85.606,14.092],[-85.606,14.094],[-85.609,14.096],[-85.61,14.101],[-85.608,14.105],[-85.609,14.108],[-85.608,14.109],[-85.609,14.11],[-85.607,14.119],[-85.608,14.121],[-85.604,14.122],[-85.604,14.134],[-85.61,14.139],[-85.609,14.14],[-85.611,14.144],[-85.612,14.148],[-85.616,14.152],[-85.616,14.155],[-85.618,14.16],[-85.625,14.164],[-85.635,14.167],[-85.643,14.181],[-85.653,14.192],[-85.661,14.184],[-85.661,14.181],[-85.658,14.177],[-85.662,14.173],[-85.666,14.172],[-85.69,14.182],[-85.693,14.181],[-85.704,14.183],[-85.709,14.186],[-85.713,14.19],[-85.726,14.19],[-85.731,14.186],[-85.738,14.185],[-85.752,14.191],[-85.754,14.193],[-85.754,14.198],[-85.758,14.201],[-85.767,14.198],[-85.771,14.188],[-85.77,14.184],[-85.775,14.18],[-85.775,14.177],[-85.783,14.169],[-85.787,14.163],[-85.794,14.161],[-85.807,14.163],[-85.814,14.167],[-85.824,14.182],[-85.825,14.186],[-85.829,14.188],[-85.838,14.185],[-85.841,14.182],[-85.846,14.181],[-85.847,14.175],[-85.85,14.173],[-85.868,14.167],[-85.872,14.163],[-85.876,14.157],[-85.873,14.152],[-85.872,14.147],[-85.874,14.141],[-85.877,14.135],[-85.886,14.129],[-85.897,14.126],[-85.906,14.126],[-85.918,14.135],[-85.921,14.14],[-85.923,14.14],[-85.935,14.13],[-85.947,14.124],[-85.951,14.128],[-85.95,14.13],[-85.952,14.133],[-85.949,14.139],[-85.95,14.145],[-85.942,14.161],[-85.94,14.172],[-85.946,14.171],[-85.954,14.174],[-85.983,14.18],[-85.994,14.187],[-85.999,14.227],[-86.013,14.248],[-86.015,14.255],[-86.02,14.263],[-86.027,14.265],[-86.032,14.264],[-86.037,14.264],[-86.051,14.268],[-86.053,14.271],[-86.055,14.27],[-86.06,14.271],[-86.068,14.267],[-86.07,14.262],[-86.069,14.258],[-86.071,14.252],[-86.067,14.25],[-86.07,14.248],[-86.148,14.266],[-86.186,14.361],[-86.25,14.345],[-86.253,14.34],[-86.259,14.334],[-86.274,14.329],[-86.278,14.327],[-86.282,14.321],[-86.286,14.32],[-86.295,14.319],[-86.306,14.311],[-86.311,14.303],[-86.317,14.298],[-86.323,14.297],[-86.33,14.293],[-86.343,14.285],[-86.356,14.282],[-86.364,14.283],[-86.369,14.284],[-86.441,14.289],[-86.448,14.313],[-86.464,14.333],[-86.477,14.332],[-86.503,14.337],[-86.509,14.353],[-86.513,14.354],[-86.522,14.364],[-86.598,14.382],[-86.608,14.374],[-86.614,14.384],[-86.615,14.393],[-86.62,14.396],[-86.624,14.4],[-86.627,14.398],[-86.628,14.407],[-86.633,14.407],[-86.635,14.405],[-86.645,14.408],[-86.651,14.405],[-86.654,14.399],[-86.66,14.399],[-86.665,14.401],[-86.69,14.416],[-86.698,14.418],[-86.71,14.415],[-86.713,14.422],[-86.798,14.36],[-86.832,14.332],[-86.827,14.295],[-86.83,14.291],[-86.842,14.292],[-86.859,14.266],[-86.897,14.231],[-86.91,14.192],[-86.919,14.186],[-86.931,14.182],[-86.924,14.176],[-86.924,14.173],[-86.927,14.173],[-86.928,14.171],[-86.926,14.167],[-86.924,14.167],[-86.921,14.172],[-86.918,14.17],[-86.911,14.17],[-86.907,14.168],[-86.902,14.162],[-86.9,14.162],[-86.897,14.16],[-86.899,14.155],[-86.913,14.138],[-86.914,14.13],[-86.917,14.134],[-86.923,14.133],[-86.935,14.134],[-86.954,14.142],[-86.974,14.143],[-86.988,14.125],[-86.971,14.101],[-86.947,14.085],[-86.948,14.075],[-86.945,14.064],[-86.917,14.053],[-86.915,14.054],[-86.91,14.053],[-86.912,14.015],[-86.911,14.002],[-86.919,14.001],[-86.914,13.989],[-86.949,13.951],[-86.952,13.95],[-86.956,13.952],[-86.96,13.958],[-86.963,13.957],[-86.97,13.96],[-86.976,13.959],[-86.979,13.96],[-86.98,13.963],[-86.984,13.963],[-86.983,13.964],[-86.984,13.969],[-86.988,13.967],[-86.987,13.963],[-86.991,13.963],[-86.99,13.958],[-86.988,13.955],[-86.987,13.944],[-86.984,13.94],[-86.985,13.938],[-86.98,13.933],[-86.982,13.93],[-86.987,13.929],[-86.985,13.927],[-86.989,13.926],[-86.989,13.921],[-86.995,13.917],[-86.994,13.915],[-86.996,13.915],[-86.996,13.911],[-86.998,13.91],[-86.99,13.902],[-86.99,13.899],[-86.987,13.893],[-86.989,13.889],[-86.986,13.887],[-86.989,13.883],[-86.991,13.871],[-86.994,13.865],[-86.993,13.863],[-86.995,13.859],[-86.993,13.858],[-86.994,13.853],[-86.989,13.846],[-86.996,13.822],[-87.001,13.816],[-87.012,13.794],[-87.016,13.776],[-87.023,13.767],[-87.031,13.763],[-87.032,13.772],[-87.033,13.773],[-87.049,13.771],[-87.05,13.77],[-87.051,13.772],[-87.054,13.771],[-87.06,13.773],[-87.061,13.774],[-87.064,13.773],[-87.069,13.776],[-87.078,13.775],[-87.082,13.776],[-87.087,13.79],[-87.113,13.809],[-87.116,13.81],[-87.118,13.807],[-87.122,13.805],[-87.121,13.797],[-87.127,13.799],[-87.127,13.796],[-87.131,13.792],[-87.126,13.785],[-87.126,13.781],[-87.123,13.779],[-87.122,13.776],[-87.12,13.776],[-87.118,13.777],[-87.118,13.774],[-87.117,13.771],[-87.111,13.77],[-87.112,13.768],[-87.115,13.767],[-87.112,13.765],[-87.112,13.763],[-87.114,13.762],[-87.114,13.758],[-87.117,13.758],[-87.117,13.754],[-87.118,13.753],[-87.117,13.751],[-87.12,13.748],[-87.117,13.747],[-87.116,13.745],[-87.119,13.741],[-87.116,13.737],[-87.118,13.734],[-87.117,13.732],[-87.113,13.73],[-87.115,13.726],[-87.11,13.723],[-87.109,13.719],[-87.101,13.713],[-87.102,13.71],[-87.116,13.698],[-87.132,13.672],[-87.129,13.667],[-87.127,13.665],[-87.125,13.657],[-87.124,13.654],[-87.128,13.654],[-87.13,13.657],[-87.137,13.66],[-87.139,13.662],[-87.143,13.661],[-87.144,13.663],[-87.153,13.667],[-87.184,13.686],[-87.212,13.668],[-87.221,13.623],[-87.225,13.616],[-87.223,13.614],[-87.218,13.613],[-87.209,13.615],[-87.201,13.614],[-87.192,13.601],[-87.186,13.595],[-87.184,13.591],[-87.187,13.584],[-87.184,13.578],[-87.185,13.575],[-87.184,13.563],[-87.178,13.559],[-87.17,13.548],[-87.166,13.549],[-87.161,13.553],[-87.154,13.552],[-87.149,13.548],[-87.142,13.548],[-87.113,13.552],[-87.111,13.546],[-87.113,13.534],[-87.109,13.528],[-87.108,13.517],[-87.103,13.511],[-87.099,13.508],[-87.081,13.502],[-87.08,13.511],[-87.073,13.506],[-87.07,13.502],[-87.066,13.501],[-87.065,13.503],[-87.063,13.503],[-87.059,13.507],[-87.056,13.507],[-87.054,13.516],[-87.05,13.522],[-87.047,13.521],[-87.04,13.525],[-87.037,13.522],[-87.026,13.524],[-87.024,13.535],[-87.025,13.54],[-87.021,13.54],[-86.96,13.597],[-86.946,13.614],[-86.94,13.619],[-86.932,13.637],[-86.933,13.648],[-86.931,13.661],[-86.905,13.65],[-86.886,13.656],[-86.888,13.652],[-86.885,13.65],[-86.884,13.648],[-86.867,13.655],[-86.862,13.66],[-86.849,13.664],[-86.843,13.668],[-86.838,13.68],[-86.83,13.677],[-86.826,13.677],[-86.824,13.682],[-86.821,13.684],[-86.817,13.681],[-86.812,13.674],[-86.808,13.672],[-86.805,13.673],[-86.803,13.675],[-86.801,13.688],[-86.797,13.693],[-86.791,13.699],[-86.789,13.703],[-86.787,13.703],[-86.783,13.696],[-86.778,13.701],[-86.769,13.7]]]}},{"type":"Feature","properties":{"shapeName":"Olancho","shapeISO":"HN-OL","shapeID":"10453824B23677570544502","shapeGroup":"HND","shapeType":"ADM1"},"geometry":{"type":"Polygon","coordinates":[[[-85.0,15.071],[-85.098,15.181],[-85.237,15.215],[-85.333,15.338],[-85.378,15.403],[-85.518,15.453],[-85.54,15.467],[-85.599,15.53],[-85.673,15.596],[-85.682,15.591],[-85.702,15.572],[-85.709,15.569],[-85.735,15.567],[-85.747,15.57],[-85.759,15.584],[-85.763,15.586],[-85.766,15.586],[-85.786,15.577],[-85.79,15.569],[-85.785,15.561],[-85.786,15.556],[-85.789,15.551],[-85.814,15.544],[-85.823,15.534],[-85.835,15.516],[-85.852,15.52],[-85.865,15.525],[-85.867,15.529],[-85.876,15.53],[-85.886,15.528],[-85.894,15.522],[-85.896,15.515],[-85.889,15.501],[-85.894,15.495],[-85.936,15.459],[-85.948,15.46],[-85.959,15.449],[-85.968,15.437],[-85.968,15.429],[-85.972,15.421],[-85.98,15.416],[-85.981,15.413],[-86.01,15.4],[-86.02,15.399],[-86.031,15.394],[-86.034,15.387],[-86.04,15.384],[-86.045,15.385],[-86.047,15.39],[-86.052,15.395],[-86.065,15.396],[-86.069,15.393],[-86.088,15.397],[-86.094,15.385],[-86.104,15.391],[-86.112,15.386],[-86.117,15.378],[-86.13,15.372],[-86.142,15.371],[-86.149,15.367],[-86.165,15.369],[-86.232,15.407],[-86.279,15.374],[-86.291,15.375],[-86.372,15.324],[-86.394,15.324],[-86.401,15.331],[-86.397,15.339],[-86.391,15.342],[-86.391,15.344],[-86.391,15.349],[-86.396,15.353],[-86.396,15.358],[-86.398,15.361],[-86.397,15.364],[-86.404,15.37],[-86.404,15.373],[-86.406,15.373],[-86.408,15.375],[-86.408,15.371],[-86.411,15.37],[-86.412,15.372],[-86.414,15.371],[-86.416,15.375],[-86.424,15.374],[-86.424,15.377],[-86.427,15.377],[-86.428,15.378],[-86.426,15.382],[-86.433,15.387],[-86.432,15.389],[-86.434,15.39],[-86.433,15.392],[-86.439,15.4],[-86.458,15.403],[-86.463,15.405],[-86.465,15.404],[-86.469,15.404],[-86.474,15.406],[-86.475,15.404],[-86.473,15.402],[-86.474,15.397],[-86.476,15.395],[-86.483,15.395],[-86.488,15.393],[-86.495,15.387],[-86.501,15.386],[-86.505,15.387],[-86.508,15.391],[-86.51,15.392],[-86.517,15.391],[-86.546,15.374],[-86.558,15.369],[-86.561,15.369],[-86.596,15.352],[-86.604,15.344],[-86.616,15.338],[-86.624,15.338],[-86.632,15.341],[-86.646,15.336],[-86.649,15.332],[-86.646,15.326],[-86.65,15.303],[-86.655,15.301],[-86.664,15.292],[-86.672,15.282],[-86.701,15.265],[-86.708,15.265],[-86.713,15.268],[-86.721,15.268],[-86.732,15.265],[-86.752,15.27],[-86.755,15.272],[-86.755,15.274],[-86.76,15.279],[-86.759,15.284],[-86.762,15.289],[-86.767,15.29],[-86.768,15.293],[-86.77,15.292],[-86.776,15.296],[-86.777,15.292],[-86.782,15.285],[-86.785,15.285],[-86.788,15.282],[-86.791,15.283],[-86.792,15.28],[-86.794,15.278],[-86.797,15.282],[-86.801,15.281],[-86.805,15.283],[-86.809,15.282],[-86.812,15.285],[-86.816,15.285],[-86.819,15.279],[-86.819,15.272],[-86.829,15.267],[-86.834,15.268],[-86.839,15.264],[-86.841,15.262],[-86.845,15.262],[-86.848,15.256],[-86.857,15.257],[-86.86,15.251],[-86.865,15.248],[-86.864,15.245],[-86.868,15.24],[-86.87,15.232],[-86.867,15.229],[-86.865,15.22],[-86.865,15.202],[-86.862,15.189],[-86.856,15.179],[-86.857,15.175],[-86.855,15.17],[-86.86,15.165],[-86.858,15.16],[-86.862,15.159],[-86.861,15.157],[-86.863,15.153],[-86.866,15.152],[-86.868,15.146],[-86.867,15.144],[-86.864,15.145],[-86.862,15.143],[-86.862,15.141],[-86.864,15.14],[-86.865,15.135],[-86.868,15.135],[-86.872,15.128],[-86.878,15.124],[-86.879,15.12],[-86.881,15.119],[-86.879,15.107],[-86.881,15.103],[-86.886,15.102],[-86.884,15.092],[-86.882,15.088],[-86.883,15.083],[-86.887,15.077],[-86.89,15.078],[-86.904,15.072],[-86.907,15.069],[-86.912,15.067],[-86.918,15.068],[-86.922,15.058],[-86.921,15.052],[-86.923,15.043],[-86.925,15.04],[-86.928,15.041],[-86.942,15.041],[-86.952,15.045],[-86.96,15.046],[-86.965,15.045],[-86.974,15.039],[-86.98,15.032],[-86.991,15.015],[-86.99,15.005],[-86.988,15.001],[-86.983,14.999],[-86.978,14.994],[-86.976,14.989],[-86.972,14.988],[-86.969,14.974],[-86.961,14.969],[-86.956,14.971],[-86.948,14.965],[-86.935,14.964],[-86.932,14.961],[-86.932,14.952],[-86.928,14.951],[-86.923,14.951],[-86.903,14.939],[-86.906,14.936],[-86.914,14.934],[-86.918,14.924],[-86.925,14.917],[-86.925,14.912],[-86.923,14.907],[-86.93,14.905],[-86.936,14.897],[-86.93,14.888],[-86.931,14.882],[-86.93,14.869],[-86.919,14.864],[-86.913,14.854],[-86.904,14.825],[-86.908,14.822],[-86.911,14.822],[-86.909,14.821],[-86.912,14.816],[-86.909,14.81],[-86.908,14.807],[-86.905,14.806],[-86.904,14.808],[-86.903,14.805],[-86.901,14.805],[-86.9,14.803],[-86.898,14.802],[-86.895,14.803],[-86.891,14.798],[-86.891,14.796],[-86.893,14.797],[-86.894,14.794],[-86.901,14.771],[-86.897,14.764],[-86.879,14.746],[-86.869,14.711],[-86.851,14.666],[-86.851,14.664],[-86.839,14.657],[-86.832,14.649],[-86.829,14.642],[-86.819,14.639],[-86.805,14.639],[-86.796,14.63],[-86.796,14.621],[-86.789,14.62],[-86.784,14.616],[-86.78,14.614],[-86.779,14.61],[-86.772,14.607],[-86.768,14.606],[-86.759,14.592],[-86.758,14.59],[-86.76,14.586],[-86.752,14.581],[-86.74,14.576],[-86.739,14.572],[-86.752,14.534],[-86.742,14.51],[-86.73,14.505],[-86.73,14.488],[-86.734,14.479],[-86.711,14.433],[-86.711,14.428],[-86.713,14.422],[-86.71,14.415],[-86.698,14.418],[-86.69,14.416],[-86.665,14.401],[-86.66,14.399],[-86.654,14.399],[-86.651,14.405],[-86.645,14.408],[-86.635,14.405],[-86.633,14.407],[-86.628,14.407],[-86.627,14.398],[-86.624,14.4],[-86.62,14.396],[-86.615,14.393],[-86.614,14.384],[-86.608,14.374],[-86.598,14.382],[-86.522,14.364],[-86.513,14.354],[-86.509,14.353],[-86.503,14.337],[-86.477,14.332],[-86.464,14.333],[-86.448,14.313],[-86.441,14.289],[-86.369,14.284],[-86.364,14.283],[-86.356,14.282],[-86.343,14.285],[-86.33,14.293],[-86.323,14.297],[-86.317,14.298],[-86.311,14.303],[-86.306,14.311],[-86.295,14.319],[-86.286,14.32],[-86.282,14.321],[-86.278,14.327],[-86.274,14.329],[-86.259,14.334],[-86.253,14.34],[-86.25,14.345],[-86.186,14.361],[-86.148,14.266],[-86.07,14.248],[-86.067,14.25],[-86.071,14.252],[-86.069,14.258],[-86.07,14.262],[-86.068,14.267],[-86.06,14.271],[-86.055,14.27],[-86.053,14.271],[-86.051,14.268],[-86.037,14.264],[-86.032,14.264],[-86.027,14.265],[-86.02,14.263],[-86.015,14.255],[-86.013,14.248],[-85.999,14.227],[-85.994,14.187],[-85.983,14.18],[-85.954,14.174],[-85.946,14.171],[-85.94,14.172],[-85.942,14.161],[-85.95,14.145],[-85.949,14.139],[-85.952,14.133],[-85.95,14.13],[-85.951,14.128],[-85.947,14.124],[-85.935,14.13],[-85.923,14.14],[-85.921,14.14],[-85.918,14.135],[-85.906,14.126],[-85.897,14.126],[-85.886,14.129],[-85.877,14.135],[-85.874,14.141],[-85.872,14.147],[-85.873,14.152],[-85.876,14.157],[-85.872,14.163],[-85.868,14.167],[-85.85,14.173],[-85.847,14.175],[-85.846,14.181],[-85.841,14.182],[-85.838,14.185],[-85.829,14.188],[-85.825,14.186],[-85.824,14.182],[-85.814,14.167],[-85.807,14.163],[-85.794,14.161],[-85.787,14.163],[-85.783,14.169],[-85.775,14.177],[-85.775,14.18],[-85.77,14.184],[-85.771,14.188],[-85.767,14.198],[-85.758,14.201],[-85.754,14.198],[-85.754,14.193],[-85.752,14.191],[-85.738,14.185],[-85.731,14.186],[-85.726,14.19],[-85.713,14.19],[-85.709,14.186],[-85.704,14.183],[-85.693,14.181],[-85.69,14.182],[-85.666,14.172],[-85.662,14.173],[-85.658,14.177],[-85.661,14.181],[-85.661,14.184],[-85.653,14.192],[-85.643,14.181],[-85.635,14.167],[-85.625,14.164],[-85.618,14.16],[-85.616,14.155],[-85.616,14.152],[-85.612,14.148],[-85.611,14.144],[-85.609,14.14],[-85.61,14.139],[-85.604,14.134],[-85.604,14.122],[-85.608,14.121],[-85.607,14.119],[-85.609,14.11],[-85.608,14.109],[-85.609,14.108],[-85.608,14.105],[-85.61,14.101],[-85.609,14.096],[-85.606,14.094],[-85.606,14.092],[-85.601,14.093],[-85.6,14.091],[-85.595,14.088],[-85.592,14.083],[-85.587,14.083],[-85.586,14.081],[-85.585,14.08],[-85.584,14.081],[-85.578,14.083],[-85.576,14.078],[-85.569,14.071],[-85.57,14.064],[-85.567,14.063],[-85.559,14.064],[-85.555,14.063],[-85.556,14.061],[-85.561,14.055],[-85.561,14.051],[-85.549,14.05],[-85.536,14.046],[-85.528,14.049],[-85.519,14.047],[-85.517,14.049],[-85.517,14.052],[-85.521,14.057],[-85.521,14.06],[-85.517,14.062],[-85.509,14.06],[-85.507,14.063],[-85.506,14.068],[-85.509,14.076],[-85.506,14.088],[-85.502,14.089],[-85.5,14.087],[-85.498,14.078],[-85.494,14.076],[-85.491,14.08],[-85.493,14.087],[-85.493,14.088],[-85.489,14.09],[-85.483,14.089],[-85.481,14.085],[-85.477,14.084],[-85.478,14.094],[-85.475,14.095],[-85.469,14.093],[-85.466,14.094],[-85.462,14.103],[-85.457,14.107],[-85.455,14.113],[-85.454,14.114],[-85.451,14.114],[-85.447,14.109],[-85.443,14.106],[-85.435,14.108],[-85.431,14.107],[-85.428,14.108],[-85.428,14.114],[-85.426,14.116],[-85.423,14.117],[-85.42,14.116],[-85.413,14.123],[-85.404,14.123],[-85.404,14.134],[-85.397,14.136],[-85.395,14.14],[-85.395,14.142],[-85.399,14.143],[-85.401,14.146],[-85.398,14.163],[-85.395,14.166],[-85.389,14.169],[-85.387,14.173],[-85.383,14.176],[-85.382,14.179],[-85.375,14.183],[-85.375,14.187],[-85.381,14.195],[-85.38,14.196],[-85.373,14.198],[-85.374,14.205],[-85.377,14.207],[-85.375,14.215],[-85.381,14.217],[-85.383,14.222],[-85.378,14.225],[-85.37,14.225],[-85.367,14.222],[-85.368,14.213],[-85.364,14.212],[-85.361,14.213],[-85.355,14.227],[-85.355,14.232],[-85.351,14.233],[-85.343,14.231],[-85.341,14.233],[-85.34,14.24],[-85.342,14.247],[-85.339,14.249],[-85.331,14.248],[-85.329,14.251],[-85.319,14.255],[-85.31,14.256],[-85.303,14.255],[-85.302,14.252],[-85.298,14.25],[-85.292,14.25],[-85.288,14.252],[-85.286,14.26],[-85.28,14.261],[-85.271,14.259],[-85.268,14.262],[-85.262,14.258],[-85.25,14.257],[-85.241,14.252],[-85.23,14.253],[-85.226,14.252],[-85.22,14.255],[-85.209,14.253],[-85.201,14.257],[-85.198,14.257],[-85.188,14.249],[-85.184,14.25],[-85.178,14.27],[-85.169,14.277],[-85.166,14.283],[-85.159,14.288],[-85.153,14.299],[-85.153,14.302],[-85.155,14.305],[-85.172,14.311],[-85.18,14.316],[-85.181,14.333],[-85.183,14.335],[-85.185,14.334],[-85.19,14.33],[-85.192,14.33],[-85.194,14.34],[-85.198,14.346],[-85.199,14.348],[-85.195,14.35],[-85.195,14.353],[-85.198,14.357],[-85.196,14.364],[-85.198,14.366],[-85.209,14.37],[-85.216,14.368],[-85.219,14.369],[-85.221,14.377],[-85.217,14.381],[-85.206,14.387],[-85.202,14.397],[-85.203,14.406],[-85.2,14.408],[-85.192,14.407],[-85.188,14.416],[-85.189,14.424],[-85.181,14.428],[-85.18,14.432],[-85.182,14.439],[-85.185,14.446],[-85.181,14.461],[-85.184,14.465],[-85.184,14.468],[-85.173,14.477],[-85.165,14.475],[-85.163,14.481],[-85.153,14.483],[-85.151,14.485],[-85.148,14.491],[-85.149,14.494],[-85.147,14.506],[-85.143,14.513],[-85.139,14.516],[-85.144,14.536],[-85.147,14.543],[-85.146,14.547],[-85.141,14.551],[-85.141,14.555],[-85.143,14.564],[-85.148,14.565],[-85.152,14.567],[-85.152,14.572],[-85.147,14.577],[-85.137,14.575],[-85.134,14.576],[-85.126,14.585],[-85.123,14.586],[-85.121,14.584],[-85.119,14.579],[-85.112,14.576],[-85.109,14.571],[-85.109,14.565],[-85.103,14.557],[-85.096,14.553],[-85.085,14.552],[-85.075,14.56],[-85.064,14.56],[-85.059,14.569],[-85.043,14.575],[-85.037,14.587],[-85.032,14.592],[-85.022,14.609],[-85.024,14.611],[-85.037,14.608],[-85.043,14.61],[-85.043,14.613],[-85.033,14.622],[-85.026,14.626],[-85.024,14.633],[-85.025,14.638],[-85.033,14.648],[-85.045,14.649],[-85.05,14.652],[-85.05,14.662],[-85.047,14.669],[-85.044,14.672],[-85.039,14.673],[-85.03,14.672],[-85.027,14.673],[-85.027,14.678],[-85.02,14.689],[-85.022,14.693],[-85.027,14.696],[-85.028,14.703],[-85.024,14.704],[-85.015,14.713],[-85.009,14.714],[-85.0,14.724],[-85.0,15.071]]]}},{"type":"Feature","properties":{"shapeName":"Valle","shapeISO":"HN-VA","shapeID":"10453824B78724193103152","shapeGroup":"HND","shapeType":"ADM1"},"geometry":{"type":"MultiPolygon","coordinates":[[[[-87.62,13.291],[-87.622,13.289],[-87.625,13.288],[-87.629,13.293],[-87.636,13.293],[-87.638,13.297],[-87.642,13.299],[-87.644,13.298],[-87.646,13.295],[-87.65,13.293],[-87.651,13.296],[-87.657,13.293],[-87.657,13.287],[-87.66,13.286],[-87.661,13.283],[-87.659,13.28],[-87.664,13.275],[-87.661,13.27],[-87.664,13.261],[-87.66,13.252],[-87.652,13.251],[-87.647,13.249],[-87.634,13.249],[-87.617,13.256],[-87.614,13.262],[-87.616,13.263],[-87.613,13.272],[-87.612,13.274],[-87.617,13.278],[-87.617,13.28],[-87.614,13.283],[-87.615,13.286],[-87.617,13.29],[-87.619,13.291],[-87.62,13.291]]],[[[-87.674,13.424],[-87.676,13.422],[-87.673,13.421],[-87.672,13.42],[-87.674,13.416],[-87.671,13.417],[-87.669,13.42],[-87.67,13.417],[-87.672,13.416],[-87.667,13.417],[-87.664,13.411],[-87.662,13.412],[-87.659,13.41],[-87.66,13.409],[-87.663,13.407],[-87.663,13.405],[-87.659,13.404],[-87.656,13.408],[-87.658,13.41],[-87.658,13.415],[-87.662,13.419],[-87.66,13.418],[-87.659,13.42],[-87.659,13.417],[-87.657,13.416],[-87.657,13.41],[-87.653,13.408],[-87.65,13.417],[-87.652,13.425],[-87.654,13.427],[-87.66,13.428],[-87.661,13.429],[-87.66,13.431],[-87.662,13.431],[-87.66,13.431],[-87.66,13.428],[-87.652,13.428],[-87.655,13.434],[-87.664,13.435],[-87.672,13.433],[-87.671,13.424],[-87.671,13.423],[-87.674,13.424]]],[[[-87.598,13.422],[-87.599,13.423],[-87.605,13.423],[-87.62,13.418],[-87.625,13.42],[-87.629,13.419],[-87.63,13.416],[-87.629,13.413],[-87.624,13.414],[-87.612,13.408],[-87.608,13.402],[-87.605,13.406],[-87.607,13.41],[-87.604,13.407],[-87.603,13.408],[-87.602,13.407],[-87.599,13.407],[-87.599,13.412],[-87.596,13.418],[-87.598,13.422]]],[[[-87.621,13.428],[-87.623,13.423],[-87.624,13.422],[-87.622,13.42],[-87.616,13.42],[-87.608,13.424],[-87.608,13.426],[-87.611,13.427],[-87.613,13.432],[-87.613,13.434],[-87.609,13.437],[-87.611,13.438],[-87.611,13.44],[-87.61,13.441],[-87.608,13.452],[-87.611,13.451],[-87.622,13.444],[-87.625,13.436],[-87.619,13.437],[-87.618,13.431],[-87.619,13.429],[-87.621,13.43],[-87.617,13.423],[-87.621,13.428]]],[[[-87.678,13.304],[-87.676,13.308],[-87.677,13.312],[-87.667,13.318],[-87.669,13.321],[-87.668,13.323],[-87.669,13.323],[-87.675,13.331],[-87.681,13.323],[-87.68,13.319],[-87.683,13.316],[-87.685,13.314],[-87.681,13.31],[-87.681,13.306],[-87.678,13.304]]],[[[-87.456,13.392],[-87.462,13.396],[-87.464,13.391],[-87.467,13.39],[-87.471,13.391],[-87.468,13.388],[-87.463,13.39],[-87.463,13.391],[-87.463,13.39],[-87.461,13.39],[-87.46,13.392],[-87.459,13.39],[-87.46,13.39],[-87.459,13.386],[-87.459,13.383],[-87.461,13.382],[-87.463,13.385],[-87.465,13.38],[-87.469,13.379],[-87.475,13.38],[-87.468,13.374],[-87.467,13.374],[-87.466,13.377],[-87.465,13.377],[-87.466,13.375],[-87.465,13.373],[-87.459,13.376],[-87.46,13.377],[-87.459,13.378],[-87.459,13.377],[-87.457,13.379],[-87.459,13.376],[-87.458,13.375],[-87.453,13.377],[-87.449,13.374],[-87.444,13.374],[-87.441,13.375],[-87.44,13.377],[-87.441,13.378],[-87.439,13.378],[-87.443,13.38],[-87.44,13.38],[-87.439,13.378],[-87.432,13.384],[-87.433,13.386],[-87.438,13.384],[-87.444,13.385],[-87.446,13.384],[-87.448,13.384],[-87.446,13.384],[-87.445,13.386],[-87.447,13.391],[-87.449,13.389],[-87.447,13.392],[-87.452,13.391],[-87.453,13.389],[-87.454,13.391],[-87.456,13.392]]],[[[-87.461,13.389],[-87.468,13.388],[-87.471,13.389],[-87.474,13.387],[-87.475,13.387],[-87.476,13.391],[-87.478,13.387],[-87.475,13.382],[-87.473,13.381],[-87.473,13.382],[-87.471,13.379],[-87.466,13.381],[-87.463,13.385],[-87.46,13.383],[-87.46,13.386],[-87.461,13.386],[-87.46,13.387],[-87.461,13.389]]],[[[-87.583,13.359],[-87.586,13.357],[-87.592,13.355],[-87.583,13.35],[-87.578,13.351],[-87.574,13.349],[-87.573,13.346],[-87.576,13.34],[-87.575,13.336],[-87.569,13.335],[-87.559,13.336],[-87.553,13.339],[-87.546,13.339],[-87.543,13.342],[-87.545,13.346],[-87.555,13.346],[-87.56,13.351],[-87.563,13.358],[-87.57,13.358],[-87.577,13.361],[-87.583,13.359]]],[[[-87.558,13.359],[-87.558,13.356],[-87.55,13.362],[-87.557,13.356],[-87.556,13.354],[-87.55,13.352],[-87.54,13.353],[-87.536,13.356],[-87.537,13.358],[-87.532,13.355],[-87.532,13.357],[-87.53,13.357],[-87.529,13.359],[-87.529,13.357],[-87.532,13.357],[-87.531,13.352],[-87.532,13.354],[-87.537,13.355],[-87.539,13.352],[-87.545,13.351],[-87.538,13.349],[-87.535,13.344],[-87.533,13.344],[-87.532,13.346],[-87.523,13.347],[-87.519,13.351],[-87.522,13.352],[-87.519,13.352],[-87.519,13.355],[-87.521,13.355],[-87.521,13.358],[-87.524,13.358],[-87.524,13.361],[-87.525,13.361],[-87.527,13.364],[-87.525,13.361],[-87.524,13.363],[-87.523,13.358],[-87.521,13.359],[-87.521,13.361],[-87.521,13.356],[-87.518,13.361],[-87.518,13.36],[-87.516,13.358],[-87.512,13.361],[-87.509,13.361],[-87.511,13.357],[-87.509,13.354],[-87.507,13.359],[-87.505,13.359],[-87.504,13.358],[-87.502,13.359],[-87.502,13.369],[-87.503,13.371],[-87.505,13.371],[-87.509,13.368],[-87.508,13.367],[-87.51,13.367],[-87.509,13.369],[-87.513,13.368],[-87.514,13.371],[-87.514,13.367],[-87.52,13.367],[-87.514,13.368],[-87.515,13.37],[-87.515,13.376],[-87.518,13.379],[-87.519,13.375],[-87.521,13.375],[-87.523,13.376],[-87.526,13.371],[-87.532,13.373],[-87.531,13.371],[-87.529,13.371],[-87.529,13.369],[-87.523,13.369],[-87.523,13.367],[-87.524,13.369],[-87.527,13.369],[-87.53,13.367],[-87.532,13.369],[-87.532,13.367],[-87.533,13.37],[-87.536,13.37],[-87.537,13.371],[-87.539,13.37],[-87.536,13.369],[-87.535,13.366],[-87.538,13.369],[-87.537,13.367],[-87.538,13.364],[-87.538,13.367],[-87.539,13.37],[-87.536,13.373],[-87.538,13.374],[-87.539,13.372],[-87.544,13.37],[-87.545,13.368],[-87.544,13.367],[-87.54,13.37],[-87.54,13.367],[-87.543,13.366],[-87.54,13.367],[-87.541,13.369],[-87.544,13.367],[-87.545,13.368],[-87.544,13.37],[-87.547,13.37],[-87.554,13.366],[-87.558,13.359]]],[[[-87.561,13.377],[-87.562,13.376],[-87.559,13.374],[-87.559,13.372],[-87.568,13.376],[-87.569,13.379],[-87.57,13.376],[-87.566,13.372],[-87.571,13.371],[-87.568,13.369],[-87.562,13.371],[-87.563,13.368],[-87.561,13.367],[-87.56,13.368],[-87.56,13.367],[-87.553,13.37],[-87.555,13.373],[-87.552,13.375],[-87.557,13.379],[-87.561,13.377]]],[[[-87.481,13.359],[-87.479,13.358],[-87.477,13.36],[-87.476,13.363],[-87.478,13.366],[-87.475,13.363],[-87.475,13.37],[-87.482,13.375],[-87.482,13.379],[-87.48,13.375],[-87.477,13.374],[-87.48,13.385],[-87.484,13.391],[-87.485,13.395],[-87.489,13.395],[-87.49,13.391],[-87.493,13.389],[-87.493,13.387],[-87.487,13.386],[-87.494,13.387],[-87.497,13.39],[-87.499,13.386],[-87.506,13.38],[-87.502,13.378],[-87.499,13.381],[-87.497,13.381],[-87.494,13.383],[-87.496,13.381],[-87.502,13.377],[-87.507,13.379],[-87.509,13.376],[-87.5,13.375],[-87.494,13.372],[-87.494,13.368],[-87.488,13.368],[-87.486,13.369],[-87.49,13.372],[-87.49,13.377],[-87.488,13.376],[-87.49,13.373],[-87.486,13.368],[-87.488,13.367],[-87.492,13.367],[-87.49,13.364],[-87.486,13.363],[-87.486,13.36],[-87.48,13.361],[-87.481,13.359]]],[[[-87.586,13.414],[-87.587,13.419],[-87.591,13.417],[-87.594,13.417],[-87.596,13.418],[-87.599,13.411],[-87.598,13.407],[-87.6,13.405],[-87.601,13.396],[-87.612,13.393],[-87.612,13.388],[-87.618,13.38],[-87.617,13.376],[-87.614,13.376],[-87.605,13.383],[-87.599,13.384],[-87.592,13.387],[-87.588,13.387],[-87.587,13.395],[-87.588,13.399],[-87.581,13.402],[-87.582,13.409],[-87.583,13.41],[-87.586,13.408],[-87.586,13.414]]],[[[-87.455,13.414],[-87.46,13.409],[-87.457,13.404],[-87.459,13.395],[-87.456,13.393],[-87.45,13.398],[-87.447,13.398],[-87.445,13.395],[-87.444,13.388],[-87.441,13.386],[-87.435,13.39],[-87.431,13.39],[-87.436,13.401],[-87.448,13.4],[-87.454,13.403],[-87.454,13.407],[-87.45,13.409],[-87.451,13.411],[-87.448,13.409],[-87.446,13.41],[-87.445,13.412],[-87.447,13.414],[-87.455,13.414]]],[[[-87.461,13.408],[-87.463,13.405],[-87.468,13.403],[-87.469,13.4],[-87.467,13.401],[-87.464,13.399],[-87.467,13.401],[-87.469,13.4],[-87.471,13.399],[-87.47,13.396],[-87.467,13.396],[-87.468,13.398],[-87.467,13.398],[-87.466,13.397],[-87.468,13.395],[-87.464,13.394],[-87.463,13.396],[-87.461,13.397],[-87.458,13.402],[-87.461,13.408]]],[[[-87.46,13.671],[-87.466,13.676],[-87.476,13.678],[-87.481,13.678],[-87.487,13.681],[-87.489,13.68],[-87.493,13.684],[-87.495,13.683],[-87.5,13.687],[-87.504,13.685],[-87.519,13.692],[-87.521,13.697],[-87.542,13.71],[-87.544,13.717],[-87.584,13.711],[-87.61,13.727],[-87.616,13.733],[-87.625,13.735],[-87.627,13.739],[-87.629,13.74],[-87.641,13.741],[-87.649,13.743],[-87.65,13.756],[-87.647,13.768],[-87.648,13.769],[-87.644,13.777],[-87.645,13.779],[-87.643,13.779],[-87.643,13.782],[-87.643,13.799],[-87.646,13.812],[-87.644,13.815],[-87.645,13.817],[-87.645,13.83],[-87.656,13.834],[-87.669,13.834],[-87.68,13.846],[-87.705,13.852],[-87.731,13.848],[-87.745,13.841],[-87.746,13.834],[-87.742,13.83],[-87.735,13.83],[-87.733,13.828],[-87.731,13.824],[-87.728,13.821],[-87.725,13.823],[-87.723,13.82],[-87.717,13.82],[-87.717,13.818],[-87.713,13.816],[-87.713,13.812],[-87.708,13.804],[-87.71,13.794],[-87.709,13.79],[-87.716,13.778],[-87.718,13.768],[-87.726,13.763],[-87.732,13.75],[-87.737,13.748],[-87.735,13.741],[-87.729,13.738],[-87.726,13.734],[-87.728,13.73],[-87.731,13.727],[-87.731,13.722],[-87.734,13.72],[-87.733,13.715],[-87.737,13.709],[-87.74,13.708],[-87.744,13.704],[-87.748,13.695],[-87.755,13.689],[-87.754,13.678],[-87.756,13.672],[-87.753,13.668],[-87.757,13.66],[-87.756,13.657],[-87.753,13.657],[-87.753,13.649],[-87.752,13.645],[-87.755,13.637],[-87.754,13.624],[-87.756,13.618],[-87.754,13.604],[-87.766,13.598],[-87.768,13.596],[-87.769,13.586],[-87.774,13.585],[-87.774,13.583],[-87.772,13.575],[-87.783,13.57],[-87.779,13.567],[-87.785,13.555],[-87.787,13.541],[-87.782,13.538],[-87.781,13.535],[-87.784,13.53],[-87.792,13.526],[-87.793,13.524],[-87.792,13.522],[-87.777,13.519],[-87.778,13.514],[-87.773,13.51],[-87.77,13.511],[-87.766,13.508],[-87.762,13.508],[-87.757,13.517],[-87.754,13.518],[-87.75,13.517],[-87.749,13.509],[-87.746,13.506],[-87.737,13.512],[-87.721,13.505],[-87.72,13.503],[-87.724,13.493],[-87.721,13.484],[-87.722,13.477],[-87.716,13.466],[-87.722,13.46],[-87.721,13.449],[-87.724,13.442],[-87.73,13.447],[-87.734,13.447],[-87.74,13.445],[-87.744,13.439],[-87.748,13.437],[-87.759,13.441],[-87.773,13.431],[-87.776,13.425],[-87.779,13.425],[-87.783,13.429],[-87.784,13.429],[-87.789,13.421],[-87.79,13.415],[-87.793,13.412],[-87.8,13.412],[-87.806,13.409],[-87.808,13.411],[-87.813,13.41],[-87.82,13.409],[-87.819,13.408],[-87.817,13.408],[-87.813,13.405],[-87.804,13.394],[-87.804,13.399],[-87.801,13.407],[-87.804,13.397],[-87.798,13.384],[-87.785,13.381],[-87.784,13.377],[-87.775,13.379],[-87.765,13.377],[-87.758,13.37],[-87.758,13.367],[-87.754,13.364],[-87.752,13.36],[-87.746,13.357],[-87.745,13.354],[-87.739,13.357],[-87.725,13.357],[-87.724,13.358],[-87.725,13.361],[-87.723,13.359],[-87.718,13.358],[-87.717,13.36],[-87.719,13.363],[-87.715,13.366],[-87.695,13.367],[-87.694,13.368],[-87.694,13.372],[-87.692,13.373],[-87.685,13.369],[-87.679,13.371],[-87.677,13.376],[-87.678,13.38],[-87.677,13.383],[-87.673,13.386],[-87.674,13.39],[-87.672,13.395],[-87.671,13.394],[-87.666,13.394],[-87.66,13.39],[-87.658,13.394],[-87.66,13.399],[-87.671,13.409],[-87.672,13.414],[-87.677,13.412],[-87.679,13.414],[-87.679,13.412],[-87.682,13.413],[-87.679,13.415],[-87.677,13.413],[-87.674,13.415],[-87.675,13.417],[-87.673,13.42],[-87.679,13.423],[-87.676,13.424],[-87.679,13.427],[-87.682,13.427],[-87.685,13.423],[-87.684,13.425],[-87.681,13.428],[-87.683,13.431],[-87.687,13.429],[-87.691,13.431],[-87.691,13.427],[-87.692,13.427],[-87.694,13.428],[-87.694,13.423],[-87.696,13.421],[-87.694,13.425],[-87.694,13.428],[-87.691,13.427],[-87.694,13.429],[-87.693,13.43],[-87.696,13.432],[-87.694,13.431],[-87.693,13.434],[-87.694,13.431],[-87.693,13.43],[-87.693,13.428],[-87.692,13.428],[-87.692,13.431],[-87.691,13.432],[-87.687,13.43],[-87.683,13.432],[-87.679,13.429],[-87.679,13.431],[-87.683,13.434],[-87.685,13.437],[-87.687,13.436],[-87.686,13.438],[-87.688,13.439],[-87.689,13.441],[-87.688,13.443],[-87.687,13.444],[-87.688,13.446],[-87.689,13.447],[-87.69,13.446],[-87.692,13.446],[-87.69,13.448],[-87.693,13.448],[-87.694,13.449],[-87.695,13.448],[-87.697,13.448],[-87.697,13.447],[-87.702,13.447],[-87.697,13.447],[-87.697,13.449],[-87.695,13.448],[-87.694,13.45],[-87.69,13.448],[-87.692,13.446],[-87.689,13.448],[-87.687,13.445],[-87.685,13.446],[-87.685,13.444],[-87.688,13.442],[-87.687,13.439],[-87.685,13.439],[-87.684,13.441],[-87.685,13.438],[-87.683,13.435],[-87.678,13.433],[-87.672,13.435],[-87.668,13.44],[-87.658,13.443],[-87.656,13.448],[-87.658,13.457],[-87.665,13.461],[-87.661,13.463],[-87.661,13.466],[-87.667,13.465],[-87.667,13.467],[-87.668,13.469],[-87.671,13.469],[-87.672,13.467],[-87.673,13.467],[-87.672,13.467],[-87.672,13.469],[-87.666,13.469],[-87.666,13.465],[-87.662,13.466],[-87.662,13.47],[-87.657,13.469],[-87.662,13.469],[-87.66,13.464],[-87.664,13.461],[-87.661,13.461],[-87.655,13.453],[-87.651,13.454],[-87.65,13.456],[-87.65,13.455],[-87.647,13.456],[-87.648,13.463],[-87.65,13.462],[-87.653,13.463],[-87.652,13.463],[-87.651,13.465],[-87.651,13.463],[-87.648,13.464],[-87.646,13.471],[-87.647,13.471],[-87.644,13.473],[-87.644,13.475],[-87.651,13.479],[-87.655,13.476],[-87.656,13.474],[-87.659,13.475],[-87.661,13.48],[-87.665,13.479],[-87.66,13.48],[-87.66,13.484],[-87.664,13.484],[-87.666,13.485],[-87.668,13.484],[-87.666,13.486],[-87.669,13.491],[-87.673,13.49],[-87.676,13.491],[-87.674,13.491],[-87.673,13.49],[-87.67,13.492],[-87.665,13.485],[-87.661,13.485],[-87.659,13.484],[-87.66,13.478],[-87.658,13.475],[-87.651,13.48],[-87.644,13.477],[-87.643,13.473],[-87.646,13.469],[-87.646,13.463],[-87.642,13.461],[-87.638,13.463],[-87.635,13.466],[-87.639,13.47],[-87.639,13.475],[-87.641,13.477],[-87.64,13.485],[-87.641,13.479],[-87.638,13.476],[-87.635,13.48],[-87.63,13.48],[-87.634,13.482],[-87.632,13.485],[-87.633,13.482],[-87.629,13.482],[-87.629,13.483],[-87.629,13.482],[-87.63,13.479],[-87.635,13.479],[-87.638,13.474],[-87.632,13.466],[-87.627,13.467],[-87.622,13.467],[-87.619,13.464],[-87.617,13.465],[-87.617,13.463],[-87.613,13.461],[-87.598,13.463],[-87.6,13.465],[-87.6,13.467],[-87.595,13.47],[-87.6,13.467],[-87.6,13.465],[-87.595,13.463],[-87.59,13.463],[-87.587,13.465],[-87.582,13.465],[-87.577,13.469],[-87.578,13.473],[-87.577,13.474],[-87.578,13.473],[-87.577,13.469],[-87.581,13.464],[-87.581,13.46],[-87.579,13.46],[-87.577,13.464],[-87.573,13.467],[-87.571,13.466],[-87.573,13.461],[-87.571,13.461],[-87.569,13.465],[-87.568,13.463],[-87.569,13.465],[-87.57,13.461],[-87.574,13.461],[-87.574,13.463],[-87.572,13.466],[-87.574,13.467],[-87.577,13.464],[-87.578,13.461],[-87.58,13.459],[-87.582,13.46],[-87.582,13.464],[-87.587,13.465],[-87.589,13.463],[-87.589,13.459],[-87.589,13.461],[-87.591,13.462],[-87.599,13.461],[-87.601,13.457],[-87.604,13.456],[-87.609,13.453],[-87.606,13.451],[-87.608,13.448],[-87.608,13.441],[-87.61,13.439],[-87.609,13.438],[-87.607,13.44],[-87.606,13.441],[-87.606,13.441],[-87.605,13.44],[-87.606,13.437],[-87.605,13.435],[-87.607,13.437],[-87.606,13.439],[-87.606,13.44],[-87.607,13.441],[-87.609,13.437],[-87.608,13.437],[-87.612,13.433],[-87.613,13.431],[-87.61,13.427],[-87.607,13.426],[-87.607,13.424],[-87.598,13.423],[-87.597,13.422],[-87.597,13.419],[-87.594,13.417],[-87.591,13.418],[-87.59,13.428],[-87.586,13.431],[-87.588,13.429],[-87.589,13.419],[-87.587,13.419],[-87.586,13.409],[-87.583,13.411],[-87.582,13.41],[-87.58,13.403],[-87.581,13.4],[-87.587,13.399],[-87.585,13.393],[-87.586,13.383],[-87.579,13.386],[-87.58,13.389],[-87.584,13.392],[-87.584,13.393],[-87.579,13.395],[-87.577,13.398],[-87.576,13.397],[-87.575,13.395],[-87.573,13.395],[-87.577,13.392],[-87.576,13.396],[-87.577,13.397],[-87.579,13.394],[-87.583,13.393],[-87.579,13.388],[-87.579,13.385],[-87.585,13.382],[-87.591,13.384],[-87.593,13.383],[-87.59,13.38],[-87.588,13.38],[-87.58,13.38],[-87.578,13.382],[-87.578,13.384],[-87.574,13.384],[-87.578,13.384],[-87.577,13.382],[-87.579,13.38],[-87.576,13.378],[-87.578,13.377],[-87.582,13.379],[-87.59,13.374],[-87.591,13.372],[-87.59,13.369],[-87.592,13.371],[-87.591,13.374],[-87.587,13.376],[-87.591,13.377],[-87.594,13.374],[-87.596,13.369],[-87.595,13.369],[-87.596,13.368],[-87.597,13.366],[-87.599,13.366],[-87.597,13.367],[-87.595,13.374],[-87.592,13.377],[-87.599,13.379],[-87.604,13.379],[-87.6,13.376],[-87.599,13.377],[-87.598,13.377],[-87.598,13.377],[-87.598,13.375],[-87.599,13.375],[-87.598,13.376],[-87.598,13.377],[-87.598,13.377],[-87.599,13.377],[-87.6,13.376],[-87.605,13.378],[-87.608,13.37],[-87.614,13.367],[-87.611,13.363],[-87.609,13.363],[-87.606,13.364],[-87.61,13.363],[-87.611,13.363],[-87.613,13.364],[-87.614,13.367],[-87.621,13.364],[-87.628,13.364],[-87.632,13.365],[-87.633,13.369],[-87.636,13.37],[-87.635,13.371],[-87.637,13.374],[-87.64,13.371],[-87.643,13.373],[-87.643,13.37],[-87.647,13.363],[-87.646,13.362],[-87.652,13.362],[-87.656,13.366],[-87.655,13.363],[-87.657,13.36],[-87.656,13.356],[-87.657,13.354],[-87.652,13.351],[-87.654,13.348],[-87.657,13.349],[-87.66,13.347],[-87.659,13.334],[-87.653,13.328],[-87.647,13.325],[-87.643,13.317],[-87.642,13.318],[-87.629,13.313],[-87.627,13.31],[-87.619,13.31],[-87.617,13.308],[-87.613,13.309],[-87.612,13.312],[-87.609,13.314],[-87.608,13.309],[-87.606,13.311],[-87.601,13.31],[-87.597,13.313],[-87.595,13.311],[-87.593,13.311],[-87.591,13.314],[-87.589,13.311],[-87.591,13.307],[-87.586,13.305],[-87.585,13.308],[-87.581,13.308],[-87.581,13.316],[-87.582,13.319],[-87.576,13.323],[-87.575,13.325],[-87.575,13.329],[-87.579,13.33],[-87.579,13.333],[-87.577,13.334],[-87.578,13.336],[-87.581,13.338],[-87.583,13.337],[-87.581,13.338],[-87.579,13.337],[-87.579,13.341],[-87.576,13.344],[-87.579,13.343],[-87.575,13.346],[-87.591,13.352],[-87.595,13.355],[-87.595,13.359],[-87.598,13.361],[-87.594,13.359],[-87.59,13.359],[-87.589,13.363],[-87.588,13.361],[-87.587,13.362],[-87.589,13.359],[-87.588,13.358],[-87.579,13.363],[-87.58,13.366],[-87.584,13.364],[-87.586,13.364],[-87.587,13.365],[-87.587,13.369],[-87.586,13.371],[-87.581,13.37],[-87.583,13.374],[-87.587,13.374],[-87.587,13.37],[-87.59,13.369],[-87.587,13.37],[-87.587,13.374],[-87.585,13.375],[-87.582,13.374],[-87.581,13.372],[-87.58,13.372],[-87.579,13.374],[-87.578,13.375],[-87.578,13.374],[-87.577,13.373],[-87.578,13.374],[-87.579,13.374],[-87.582,13.369],[-87.586,13.371],[-87.587,13.368],[-87.586,13.364],[-87.58,13.367],[-87.578,13.363],[-87.577,13.366],[-87.578,13.363],[-87.575,13.364],[-87.571,13.36],[-87.567,13.36],[-87.566,13.362],[-87.565,13.361],[-87.564,13.363],[-87.565,13.361],[-87.564,13.361],[-87.562,13.365],[-87.565,13.368],[-87.567,13.366],[-87.567,13.367],[-87.571,13.366],[-87.573,13.37],[-87.573,13.372],[-87.569,13.373],[-87.573,13.376],[-87.577,13.377],[-87.576,13.378],[-87.572,13.378],[-87.569,13.381],[-87.569,13.382],[-87.568,13.38],[-87.566,13.381],[-87.565,13.383],[-87.567,13.376],[-87.566,13.376],[-87.563,13.379],[-87.564,13.377],[-87.562,13.376],[-87.561,13.377],[-87.557,13.379],[-87.558,13.383],[-87.558,13.381],[-87.555,13.386],[-87.556,13.387],[-87.554,13.386],[-87.555,13.385],[-87.553,13.385],[-87.552,13.388],[-87.549,13.388],[-87.55,13.39],[-87.548,13.388],[-87.547,13.389],[-87.548,13.385],[-87.543,13.386],[-87.545,13.389],[-87.543,13.393],[-87.546,13.394],[-87.544,13.396],[-87.546,13.397],[-87.545,13.398],[-87.543,13.401],[-87.543,13.403],[-87.542,13.404],[-87.541,13.403],[-87.542,13.402],[-87.542,13.404],[-87.543,13.403],[-87.543,13.401],[-87.544,13.398],[-87.546,13.397],[-87.544,13.396],[-87.546,13.394],[-87.543,13.394],[-87.544,13.388],[-87.542,13.386],[-87.541,13.389],[-87.541,13.387],[-87.544,13.385],[-87.543,13.382],[-87.546,13.382],[-87.545,13.384],[-87.548,13.384],[-87.55,13.387],[-87.556,13.383],[-87.556,13.38],[-87.555,13.378],[-87.551,13.377],[-87.551,13.378],[-87.553,13.379],[-87.554,13.381],[-87.553,13.383],[-87.551,13.384],[-87.545,13.378],[-87.551,13.383],[-87.553,13.382],[-87.553,13.38],[-87.55,13.378],[-87.547,13.375],[-87.547,13.372],[-87.543,13.372],[-87.543,13.374],[-87.542,13.372],[-87.54,13.375],[-87.538,13.377],[-87.537,13.38],[-87.538,13.376],[-87.535,13.378],[-87.535,13.376],[-87.537,13.375],[-87.536,13.374],[-87.533,13.375],[-87.532,13.374],[-87.527,13.375],[-87.525,13.377],[-87.526,13.38],[-87.527,13.378],[-87.528,13.378],[-87.529,13.379],[-87.533,13.379],[-87.531,13.383],[-87.532,13.384],[-87.531,13.386],[-87.532,13.384],[-87.53,13.383],[-87.532,13.379],[-87.529,13.38],[-87.528,13.378],[-87.526,13.381],[-87.524,13.378],[-87.525,13.376],[-87.527,13.374],[-87.53,13.373],[-87.526,13.372],[-87.523,13.377],[-87.52,13.376],[-87.52,13.38],[-87.519,13.379],[-87.513,13.388],[-87.52,13.387],[-87.525,13.385],[-87.522,13.387],[-87.524,13.387],[-87.528,13.391],[-87.526,13.39],[-87.526,13.391],[-87.527,13.391],[-87.528,13.394],[-87.527,13.392],[-87.526,13.391],[-87.526,13.39],[-87.524,13.388],[-87.523,13.387],[-87.522,13.389],[-87.522,13.387],[-87.518,13.388],[-87.518,13.391],[-87.513,13.393],[-87.518,13.395],[-87.518,13.397],[-87.517,13.397],[-87.513,13.396],[-87.513,13.395],[-87.518,13.397],[-87.518,13.395],[-87.512,13.393],[-87.515,13.39],[-87.512,13.387],[-87.517,13.381],[-87.511,13.371],[-87.51,13.373],[-87.512,13.378],[-87.51,13.382],[-87.511,13.382],[-87.511,13.384],[-87.508,13.384],[-87.51,13.384],[-87.509,13.382],[-87.506,13.385],[-87.502,13.386],[-87.505,13.388],[-87.503,13.39],[-87.505,13.391],[-87.503,13.393],[-87.507,13.395],[-87.506,13.397],[-87.508,13.396],[-87.507,13.397],[-87.506,13.397],[-87.506,13.395],[-87.505,13.396],[-87.503,13.395],[-87.503,13.393],[-87.504,13.391],[-87.502,13.389],[-87.504,13.388],[-87.502,13.388],[-87.5,13.39],[-87.501,13.393],[-87.5,13.394],[-87.498,13.393],[-87.498,13.39],[-87.495,13.389],[-87.494,13.391],[-87.49,13.391],[-87.494,13.393],[-87.49,13.392],[-87.491,13.397],[-87.486,13.396],[-87.484,13.397],[-87.483,13.399],[-87.483,13.397],[-87.479,13.399],[-87.48,13.401],[-87.487,13.402],[-87.488,13.406],[-87.494,13.4],[-87.496,13.4],[-87.5,13.404],[-87.502,13.41],[-87.506,13.414],[-87.501,13.41],[-87.497,13.402],[-87.494,13.402],[-87.493,13.404],[-87.489,13.407],[-87.495,13.407],[-87.495,13.408],[-87.492,13.409],[-87.495,13.409],[-87.495,13.411],[-87.495,13.409],[-87.492,13.409],[-87.494,13.407],[-87.487,13.407],[-87.486,13.409],[-87.484,13.41],[-87.479,13.409],[-87.477,13.411],[-87.481,13.412],[-87.482,13.415],[-87.484,13.413],[-87.486,13.414],[-87.483,13.413],[-87.482,13.415],[-87.483,13.417],[-87.482,13.417],[-87.483,13.418],[-87.487,13.418],[-87.483,13.418],[-87.483,13.418],[-87.482,13.416],[-87.479,13.416],[-87.48,13.418],[-87.483,13.418],[-87.485,13.421],[-87.486,13.421],[-87.487,13.419],[-87.491,13.419],[-87.49,13.42],[-87.487,13.419],[-87.487,13.421],[-87.486,13.422],[-87.485,13.422],[-87.486,13.423],[-87.488,13.423],[-87.487,13.424],[-87.486,13.423],[-87.485,13.423],[-87.484,13.421],[-87.482,13.422],[-87.484,13.424],[-87.484,13.428],[-87.486,13.429],[-87.488,13.428],[-87.487,13.43],[-87.484,13.428],[-87.484,13.424],[-87.482,13.423],[-87.482,13.424],[-87.478,13.426],[-87.48,13.429],[-87.477,13.427],[-87.475,13.428],[-87.477,13.428],[-87.477,13.428],[-87.477,13.429],[-87.475,13.429],[-87.477,13.429],[-87.476,13.428],[-87.475,13.428],[-87.475,13.428],[-87.475,13.42],[-87.468,13.418],[-87.469,13.419],[-87.468,13.42],[-87.466,13.418],[-87.465,13.419],[-87.465,13.421],[-87.464,13.419],[-87.462,13.42],[-87.462,13.421],[-87.461,13.42],[-87.461,13.424],[-87.462,13.424],[-87.461,13.426],[-87.459,13.425],[-87.457,13.426],[-87.459,13.424],[-87.456,13.423],[-87.455,13.424],[-87.456,13.423],[-87.455,13.421],[-87.46,13.418],[-87.456,13.416],[-87.453,13.416],[-87.453,13.417],[-87.452,13.416],[-87.45,13.416],[-87.445,13.415],[-87.443,13.413],[-87.443,13.409],[-87.442,13.412],[-87.444,13.415],[-87.443,13.419],[-87.439,13.417],[-87.435,13.42],[-87.436,13.422],[-87.438,13.422],[-87.438,13.42],[-87.439,13.421],[-87.438,13.422],[-87.436,13.422],[-87.434,13.421],[-87.435,13.419],[-87.438,13.417],[-87.436,13.417],[-87.437,13.415],[-87.439,13.415],[-87.438,13.417],[-87.44,13.416],[-87.443,13.417],[-87.442,13.414],[-87.438,13.412],[-87.441,13.413],[-87.443,13.407],[-87.44,13.407],[-87.436,13.405],[-87.437,13.41],[-87.436,13.405],[-87.433,13.401],[-87.43,13.404],[-87.433,13.406],[-87.43,13.405],[-87.43,13.402],[-87.428,13.401],[-87.428,13.403],[-87.428,13.401],[-87.429,13.401],[-87.429,13.401],[-87.431,13.402],[-87.431,13.398],[-87.428,13.398],[-87.425,13.402],[-87.424,13.401],[-87.423,13.403],[-87.424,13.402],[-87.425,13.403],[-87.425,13.407],[-87.421,13.413],[-87.422,13.414],[-87.425,13.413],[-87.425,13.41],[-87.428,13.406],[-87.431,13.41],[-87.433,13.408],[-87.436,13.411],[-87.436,13.413],[-87.434,13.416],[-87.433,13.416],[-87.434,13.421],[-87.432,13.416],[-87.432,13.414],[-87.431,13.415],[-87.431,13.414],[-87.433,13.412],[-87.433,13.415],[-87.434,13.415],[-87.436,13.413],[-87.433,13.409],[-87.431,13.411],[-87.429,13.409],[-87.428,13.41],[-87.429,13.409],[-87.427,13.407],[-87.426,13.41],[-87.429,13.414],[-87.426,13.413],[-87.422,13.416],[-87.423,13.417],[-87.424,13.416],[-87.426,13.42],[-87.423,13.422],[-87.425,13.423],[-87.427,13.427],[-87.422,13.423],[-87.423,13.421],[-87.421,13.423],[-87.42,13.422],[-87.425,13.419],[-87.421,13.417],[-87.419,13.419],[-87.421,13.417],[-87.42,13.416],[-87.415,13.42],[-87.416,13.422],[-87.41,13.422],[-87.406,13.418],[-87.402,13.42],[-87.4,13.419],[-87.403,13.419],[-87.4,13.414],[-87.397,13.416],[-87.398,13.414],[-87.395,13.415],[-87.399,13.413],[-87.399,13.408],[-87.393,13.41],[-87.392,13.412],[-87.392,13.415],[-87.391,13.415],[-87.39,13.413],[-87.391,13.414],[-87.391,13.412],[-87.387,13.407],[-87.391,13.407],[-87.391,13.404],[-87.387,13.399],[-87.386,13.401],[-87.384,13.396],[-87.381,13.398],[-87.382,13.405],[-87.379,13.408],[-87.377,13.408],[-87.38,13.408],[-87.379,13.406],[-87.379,13.407],[-87.381,13.406],[-87.381,13.401],[-87.377,13.403],[-87.376,13.401],[-87.372,13.4],[-87.37,13.403],[-87.372,13.406],[-87.37,13.403],[-87.372,13.4],[-87.368,13.4],[-87.367,13.402],[-87.365,13.401],[-87.361,13.403],[-87.361,13.406],[-87.355,13.406],[-87.351,13.413],[-87.351,13.418],[-87.348,13.427],[-87.345,13.428],[-87.346,13.43],[-87.343,13.43],[-87.342,13.434],[-87.346,13.451],[-87.365,13.479],[-87.367,13.485],[-87.367,13.495],[-87.361,13.507],[-87.36,13.523],[-87.372,13.531],[-87.392,13.537],[-87.398,13.545],[-87.415,13.576],[-87.411,13.581],[-87.411,13.583],[-87.415,13.585],[-87.415,13.588],[-87.424,13.59],[-87.428,13.592],[-87.419,13.615],[-87.411,13.633],[-87.41,13.636],[-87.424,13.645],[-87.436,13.648],[-87.45,13.655],[-87.457,13.664],[-87.46,13.671]]]]}},{"type":"Feature","properties":{"shapeName":"Atlántida","shapeISO":"HN-AT","shapeID":"10453824B27728388827872","shapeGroup":"HND","shapeType":"ADM1"},"geometry":{"type":"Polygon","coordinates":[[[-86.457,15.795],[-86.482,15.811],[-86.483,15.81],[-86.483,15.811],[-86.492,15.815],[-86.5,15.816],[-86.51,15.815],[-86.525,15.807],[-86.533,15.806],[-86.569,15.8],[-86.596,15.798],[-86.638,15.797],[-86.642,15.796],[-86.649,15.792],[-86.661,15.791],[-86.665,15.789],[-86.676,15.788],[-86.703,15.787],[-86.73,15.79],[-86.753,15.795],[-86.758,15.797],[-86.76,15.8],[-86.76,15.789],[-86.759,15.787],[-86.76,15.789],[-86.762,15.786],[-86.765,15.788],[-86.763,15.787],[-86.761,15.789],[-86.76,15.791],[-86.763,15.792],[-86.762,15.794],[-86.763,15.795],[-86.761,15.795],[-86.762,15.797],[-86.761,15.799],[-86.764,15.798],[-86.776,15.801],[-86.779,15.798],[-86.792,15.792],[-86.793,15.79],[-86.806,15.78],[-86.821,15.774],[-86.832,15.767],[-86.864,15.764],[-86.884,15.763],[-86.895,15.76],[-86.9,15.756],[-86.898,15.754],[-86.899,15.754],[-86.898,15.753],[-86.899,15.753],[-86.9,15.756],[-86.914,15.756],[-86.912,15.755],[-86.911,15.754],[-86.912,15.753],[-86.912,15.755],[-86.914,15.755],[-86.914,15.755],[-86.921,15.756],[-86.921,15.755],[-86.921,15.756],[-86.954,15.76],[-86.948,15.759],[-86.947,15.758],[-86.948,15.755],[-86.947,15.754],[-86.949,15.756],[-86.948,15.757],[-86.948,15.759],[-86.993,15.768],[-87.015,15.777],[-87.018,15.776],[-87.047,15.776],[-87.073,15.781],[-87.092,15.787],[-87.094,15.788],[-87.093,15.786],[-87.095,15.787],[-87.098,15.787],[-87.095,15.788],[-87.109,15.787],[-87.136,15.789],[-87.179,15.795],[-87.218,15.803],[-87.268,15.817],[-87.319,15.833],[-87.318,15.831],[-87.319,15.83],[-87.32,15.832],[-87.327,15.835],[-87.342,15.838],[-87.373,15.848],[-87.376,15.848],[-87.375,15.842],[-87.377,15.838],[-87.386,15.83],[-87.394,15.819],[-87.403,15.815],[-87.431,15.814],[-87.431,15.806],[-87.433,15.803],[-87.438,15.799],[-87.446,15.788],[-87.455,15.784],[-87.454,15.783],[-87.454,15.783],[-87.454,15.78],[-87.453,15.78],[-87.452,15.778],[-87.455,15.781],[-87.458,15.777],[-87.455,15.78],[-87.455,15.783],[-87.461,15.781],[-87.487,15.783],[-87.506,15.788],[-87.52,15.793],[-87.522,15.789],[-87.52,15.787],[-87.513,15.781],[-87.506,15.778],[-87.503,15.777],[-87.503,15.775],[-87.505,15.777],[-87.504,15.775],[-87.505,15.777],[-87.506,15.778],[-87.509,15.778],[-87.507,15.777],[-87.507,15.776],[-87.513,15.778],[-87.524,15.788],[-87.524,15.791],[-87.52,15.794],[-87.541,15.805],[-87.587,15.843],[-87.588,15.842],[-87.582,15.838],[-87.578,15.833],[-87.578,15.831],[-87.575,15.831],[-87.575,15.83],[-87.572,15.828],[-87.573,15.827],[-87.57,15.826],[-87.57,15.824],[-87.568,15.825],[-87.564,15.821],[-87.561,15.817],[-87.559,15.816],[-87.557,15.814],[-87.559,15.814],[-87.558,15.813],[-87.559,15.812],[-87.558,15.811],[-87.559,15.812],[-87.558,15.811],[-87.558,15.809],[-87.56,15.808],[-87.561,15.806],[-87.563,15.81],[-87.564,15.809],[-87.566,15.812],[-87.568,15.811],[-87.574,15.815],[-87.577,15.815],[-87.578,15.817],[-87.58,15.817],[-87.579,15.818],[-87.581,15.818],[-87.583,15.821],[-87.587,15.822],[-87.588,15.826],[-87.589,15.826],[-87.586,15.829],[-87.592,15.831],[-87.591,15.832],[-87.592,15.833],[-87.594,15.831],[-87.598,15.83],[-87.6,15.828],[-87.601,15.828],[-87.597,15.822],[-87.585,15.815],[-87.547,15.775],[-87.54,15.776],[-87.534,15.772],[-87.525,15.768],[-87.514,15.767],[-87.508,15.768],[-87.509,15.766],[-87.516,15.765],[-87.527,15.766],[-87.541,15.773],[-87.545,15.771],[-87.557,15.771],[-87.559,15.769],[-87.581,15.771],[-87.583,15.772],[-87.582,15.774],[-87.583,15.775],[-87.583,15.782],[-87.586,15.782],[-87.587,15.781],[-87.591,15.788],[-87.593,15.787],[-87.597,15.786],[-87.6,15.782],[-87.599,15.777],[-87.602,15.776],[-87.605,15.777],[-87.61,15.776],[-87.614,15.779],[-87.614,15.778],[-87.618,15.778],[-87.621,15.772],[-87.632,15.77],[-87.637,15.772],[-87.638,15.775],[-87.636,15.776],[-87.637,15.778],[-87.634,15.786],[-87.631,15.788],[-87.626,15.796],[-87.631,15.809],[-87.629,15.816],[-87.626,15.819],[-87.626,15.821],[-87.622,15.823],[-87.622,15.827],[-87.617,15.831],[-87.613,15.838],[-87.615,15.838],[-87.615,15.839],[-87.612,15.841],[-87.611,15.846],[-87.611,15.841],[-87.609,15.84],[-87.608,15.842],[-87.609,15.84],[-87.605,15.84],[-87.605,15.842],[-87.602,15.843],[-87.602,15.841],[-87.597,15.842],[-87.595,15.846],[-87.599,15.848],[-87.598,15.85],[-87.601,15.851],[-87.6,15.854],[-87.593,15.848],[-87.591,15.846],[-87.592,15.844],[-87.588,15.844],[-87.613,15.871],[-87.623,15.888],[-87.628,15.902],[-87.628,15.908],[-87.624,15.91],[-87.622,15.909],[-87.619,15.91],[-87.619,15.912],[-87.614,15.915],[-87.61,15.918],[-87.609,15.92],[-87.604,15.923],[-87.601,15.928],[-87.606,15.924],[-87.608,15.925],[-87.609,15.922],[-87.614,15.922],[-87.615,15.919],[-87.62,15.921],[-87.623,15.918],[-87.621,15.917],[-87.623,15.913],[-87.627,15.914],[-87.626,15.918],[-87.63,15.912],[-87.633,15.911],[-87.63,15.911],[-87.632,15.906],[-87.635,15.905],[-87.638,15.906],[-87.639,15.908],[-87.636,15.91],[-87.64,15.909],[-87.641,15.907],[-87.644,15.906],[-87.645,15.903],[-87.643,15.903],[-87.643,15.901],[-87.647,15.898],[-87.647,15.895],[-87.657,15.891],[-87.671,15.895],[-87.682,15.9],[-87.714,15.919],[-87.719,15.918],[-87.725,15.914],[-87.728,15.911],[-87.729,15.9],[-87.731,15.895],[-87.731,15.892],[-87.728,15.887],[-87.73,15.878],[-87.745,15.874],[-87.747,15.874],[-87.749,15.878],[-87.748,15.879],[-87.745,15.879],[-87.748,15.88],[-87.752,15.878],[-87.755,15.871],[-87.762,15.863],[-87.771,15.858],[-87.773,15.855],[-87.774,15.85],[-87.765,15.845],[-87.766,15.842],[-87.771,15.842],[-87.772,15.84],[-87.771,15.834],[-87.774,15.825],[-87.769,15.82],[-87.773,15.819],[-87.776,15.82],[-87.78,15.827],[-87.784,15.827],[-87.786,15.825],[-87.779,15.813],[-87.779,15.808],[-87.782,15.806],[-87.786,15.806],[-87.792,15.812],[-87.796,15.812],[-87.798,15.81],[-87.794,15.804],[-87.793,15.797],[-87.801,15.793],[-87.802,15.79],[-87.799,15.787],[-87.791,15.789],[-87.788,15.782],[-87.781,15.776],[-87.787,15.762],[-87.786,15.759],[-87.782,15.76],[-87.781,15.768],[-87.778,15.773],[-87.776,15.775],[-87.774,15.775],[-87.77,15.765],[-87.764,15.761],[-87.766,15.752],[-87.765,15.747],[-87.755,15.735],[-87.756,15.733],[-87.758,15.732],[-87.772,15.734],[-87.776,15.733],[-87.777,15.729],[-87.772,15.718],[-87.776,15.712],[-87.773,15.706],[-87.77,15.704],[-87.761,15.702],[-87.757,15.704],[-87.747,15.7],[-87.746,15.697],[-87.746,15.697],[-87.745,15.698],[-87.744,15.696],[-87.742,15.696],[-87.741,15.694],[-87.742,15.692],[-87.74,15.692],[-87.741,15.69],[-87.736,15.684],[-87.733,15.685],[-87.731,15.681],[-87.729,15.683],[-87.725,15.678],[-87.725,15.676],[-87.722,15.676],[-87.719,15.672],[-87.713,15.67],[-87.709,15.671],[-87.705,15.67],[-87.706,15.667],[-87.703,15.666],[-87.701,15.667],[-87.696,15.665],[-87.692,15.659],[-87.684,15.655],[-87.683,15.651],[-87.68,15.648],[-87.681,15.647],[-87.681,15.643],[-87.685,15.641],[-87.682,15.637],[-87.683,15.615],[-87.682,15.613],[-87.68,15.612],[-87.679,15.607],[-87.677,15.604],[-87.68,15.599],[-87.68,15.595],[-87.676,15.582],[-87.662,15.576],[-87.647,15.574],[-87.643,15.575],[-87.639,15.57],[-87.634,15.57],[-87.629,15.566],[-87.626,15.567],[-87.624,15.564],[-87.623,15.558],[-87.621,15.556],[-87.613,15.556],[-87.608,15.553],[-87.604,15.547],[-87.59,15.538],[-87.596,15.534],[-87.605,15.524],[-87.617,15.514],[-87.617,15.507],[-87.589,15.505],[-87.585,15.507],[-87.571,15.508],[-87.568,15.511],[-87.561,15.51],[-87.562,15.512],[-87.554,15.515],[-87.55,15.516],[-87.543,15.514],[-87.538,15.518],[-87.531,15.52],[-87.527,15.523],[-87.523,15.522],[-87.518,15.515],[-87.515,15.514],[-87.514,15.516],[-87.511,15.517],[-87.51,15.519],[-87.503,15.518],[-87.497,15.521],[-87.492,15.526],[-87.486,15.529],[-87.484,15.533],[-87.479,15.534],[-87.478,15.538],[-87.471,15.54],[-87.459,15.546],[-87.459,15.543],[-87.456,15.54],[-87.455,15.536],[-87.449,15.531],[-87.443,15.529],[-87.436,15.533],[-87.434,15.532],[-87.435,15.523],[-87.437,15.523],[-87.434,15.518],[-87.438,15.517],[-87.435,15.514],[-87.44,15.511],[-87.438,15.505],[-87.44,15.497],[-87.436,15.497],[-87.437,15.494],[-87.432,15.492],[-87.431,15.49],[-87.434,15.49],[-87.438,15.485],[-87.433,15.482],[-87.426,15.48],[-87.424,15.474],[-87.422,15.471],[-87.423,15.464],[-87.422,15.463],[-87.419,15.466],[-87.418,15.46],[-87.415,15.458],[-87.413,15.461],[-87.412,15.459],[-87.41,15.46],[-87.41,15.455],[-87.409,15.456],[-87.406,15.455],[-87.407,15.456],[-87.405,15.459],[-87.403,15.456],[-87.399,15.456],[-87.398,15.454],[-87.401,15.454],[-87.403,15.451],[-87.401,15.45],[-87.398,15.452],[-87.399,15.449],[-87.393,15.452],[-87.391,15.452],[-87.389,15.451],[-87.392,15.447],[-87.392,15.445],[-87.386,15.447],[-87.388,15.444],[-87.386,15.443],[-87.385,15.44],[-87.378,15.438],[-87.373,15.44],[-87.37,15.443],[-87.361,15.445],[-87.345,15.458],[-87.323,15.454],[-87.316,15.446],[-87.307,15.444],[-87.301,15.448],[-87.291,15.45],[-87.284,15.449],[-87.28,15.447],[-87.277,15.441],[-87.275,15.439],[-87.263,15.439],[-87.259,15.435],[-87.254,15.437],[-87.245,15.436],[-87.233,15.431],[-87.23,15.428],[-87.224,15.428],[-87.213,15.423],[-87.204,15.424],[-87.201,15.421],[-87.189,15.423],[-87.18,15.419],[-87.174,15.421],[-87.165,15.442],[-87.151,15.46],[-87.134,15.457],[-87.108,15.456],[-87.091,15.473],[-87.073,15.474],[-87.049,15.488],[-87.05,15.499],[-87.042,15.504],[-87.044,15.51],[-87.034,15.513],[-87.005,15.533],[-86.993,15.55],[-86.984,15.556],[-86.981,15.551],[-86.971,15.547],[-86.966,15.55],[-86.949,15.548],[-86.941,15.549],[-86.924,15.547],[-86.922,15.551],[-86.907,15.561],[-86.904,15.56],[-86.897,15.554],[-86.884,15.56],[-86.879,15.561],[-86.875,15.558],[-86.86,15.564],[-86.859,15.566],[-86.851,15.565],[-86.849,15.557],[-86.849,15.546],[-86.845,15.546],[-86.842,15.547],[-86.832,15.542],[-86.826,15.544],[-86.819,15.553],[-86.814,15.555],[-86.808,15.556],[-86.803,15.549],[-86.781,15.546],[-86.779,15.547],[-86.778,15.544],[-86.775,15.544],[-86.773,15.545],[-86.764,15.545],[-86.764,15.551],[-86.74,15.555],[-86.68,15.589],[-86.642,15.605],[-86.587,15.595],[-86.572,15.587],[-86.557,15.591],[-86.534,15.591],[-86.53,15.585],[-86.525,15.581],[-86.517,15.583],[-86.516,15.585],[-86.51,15.584],[-86.502,15.589],[-86.494,15.589],[-86.483,15.593],[-86.481,15.597],[-86.477,15.598],[-86.465,15.596],[-86.45,15.589],[-86.423,15.582],[-86.401,15.574],[-86.408,15.593],[-86.382,15.596],[-86.365,15.603],[-86.363,15.606],[-86.363,15.61],[-86.365,15.616],[-86.362,15.663],[-86.364,15.665],[-86.363,15.666],[-86.364,15.67],[-86.362,15.675],[-86.37,15.676],[-86.375,15.679],[-86.381,15.675],[-86.383,15.677],[-86.385,15.682],[-86.389,15.683],[-86.393,15.679],[-86.395,15.68],[-86.396,15.679],[-86.398,15.682],[-86.398,15.686],[-86.396,15.693],[-86.399,15.695],[-86.395,15.696],[-86.394,15.699],[-86.397,15.703],[-86.397,15.708],[-86.401,15.71],[-86.401,15.712],[-86.405,15.714],[-86.406,15.717],[-86.403,15.721],[-86.404,15.722],[-86.417,15.719],[-86.42,15.72],[-86.426,15.72],[-86.426,15.721],[-86.43,15.721],[-86.431,15.72],[-86.432,15.722],[-86.437,15.721],[-86.442,15.724],[-86.442,15.727],[-86.445,15.728],[-86.444,15.729],[-86.445,15.731],[-86.444,15.736],[-86.445,15.735],[-86.449,15.738],[-86.446,15.744],[-86.449,15.746],[-86.447,15.749],[-86.449,15.75],[-86.445,15.753],[-86.445,15.756],[-86.444,15.756],[-86.443,15.758],[-86.445,15.758],[-86.445,15.761],[-86.444,15.763],[-86.446,15.768],[-86.445,15.77],[-86.445,15.772],[-86.45,15.777],[-86.448,15.779],[-86.45,15.78],[-86.449,15.781],[-86.45,15.782],[-86.446,15.783],[-86.434,15.78],[-86.445,15.786],[-86.457,15.795]]]}},{"type":"Feature","properties":{"shapeName":"Comayagua","shapeISO":"HN-CM","shapeID":"10453824B65572632187118","shapeGroup":"HND","shapeType":"ADM1"},"geometry":{"type":"Polygon","coordinates":[[[-88.069,14.656],[-88.06,14.626],[-88.043,14.636],[-87.949,14.606],[-87.92,14.546],[-87.902,14.532],[-87.899,14.503],[-87.887,14.485],[-87.859,14.454],[-87.852,14.448],[-87.848,14.434],[-87.855,14.427],[-87.848,14.421],[-87.836,14.395],[-87.789,14.392],[-87.788,14.385],[-87.783,14.374],[-87.754,14.372],[-87.746,14.366],[-87.733,14.359],[-87.713,14.356],[-87.701,14.346],[-87.681,14.359],[-87.669,14.365],[-87.659,14.373],[-87.656,14.373],[-87.655,14.37],[-87.651,14.369],[-87.648,14.368],[-87.648,14.371],[-87.647,14.371],[-87.637,14.327],[-87.608,14.295],[-87.628,14.261],[-87.672,14.246],[-87.705,14.241],[-87.72,14.242],[-87.748,14.235],[-87.77,14.24],[-87.78,14.207],[-87.811,14.204],[-87.814,14.19],[-87.797,14.183],[-87.764,14.16],[-87.775,14.153],[-87.784,14.132],[-87.774,14.12],[-87.742,14.117],[-87.659,14.055],[-87.631,14.074],[-87.612,14.077],[-87.617,14.106],[-87.609,14.113],[-87.601,14.125],[-87.594,14.13],[-87.586,14.14],[-87.583,14.141],[-87.58,14.144],[-87.542,14.134],[-87.5,14.161],[-87.491,14.17],[-87.494,14.171],[-87.498,14.175],[-87.498,14.181],[-87.489,14.193],[-87.487,14.198],[-87.478,14.202],[-87.472,14.211],[-87.433,14.214],[-87.425,14.224],[-87.431,14.245],[-87.434,14.245],[-87.434,14.247],[-87.443,14.248],[-87.462,14.264],[-87.463,14.271],[-87.463,14.273],[-87.468,14.327],[-87.465,14.333],[-87.453,14.336],[-87.442,14.331],[-87.431,14.339],[-87.421,14.34],[-87.417,14.342],[-87.415,14.342],[-87.41,14.343],[-87.41,14.344],[-87.404,14.344],[-87.402,14.345],[-87.384,14.395],[-87.385,14.398],[-87.391,14.403],[-87.394,14.408],[-87.396,14.417],[-87.404,14.415],[-87.408,14.418],[-87.42,14.422],[-87.418,14.423],[-87.406,14.427],[-87.404,14.429],[-87.403,14.433],[-87.405,14.442],[-87.404,14.443],[-87.405,14.445],[-87.402,14.449],[-87.403,14.449],[-87.413,14.447],[-87.419,14.452],[-87.42,14.456],[-87.422,14.459],[-87.431,14.463],[-87.439,14.474],[-87.455,14.476],[-87.468,14.523],[-87.42,14.564],[-87.416,14.571],[-87.414,14.571],[-87.412,14.575],[-87.411,14.573],[-87.411,14.575],[-87.409,14.574],[-87.408,14.575],[-87.409,14.577],[-87.408,14.582],[-87.411,14.586],[-87.407,14.59],[-87.41,14.592],[-87.408,14.594],[-87.408,14.596],[-87.405,14.597],[-87.407,14.599],[-87.404,14.601],[-87.406,14.601],[-87.404,14.602],[-87.406,14.604],[-87.402,14.607],[-87.404,14.609],[-87.402,14.611],[-87.405,14.614],[-87.404,14.617],[-87.405,14.62],[-87.405,14.622],[-87.397,14.624],[-87.392,14.621],[-87.391,14.619],[-87.382,14.617],[-87.381,14.618],[-87.377,14.615],[-87.375,14.617],[-87.366,14.617],[-87.365,14.609],[-87.362,14.611],[-87.361,14.608],[-87.359,14.609],[-87.358,14.607],[-87.355,14.606],[-87.35,14.608],[-87.348,14.606],[-87.337,14.606],[-87.337,14.612],[-87.334,14.613],[-87.332,14.616],[-87.335,14.62],[-87.334,14.622],[-87.335,14.626],[-87.332,14.629],[-87.331,14.633],[-87.327,14.632],[-87.326,14.633],[-87.326,14.635],[-87.331,14.64],[-87.325,14.644],[-87.324,14.647],[-87.325,14.654],[-87.33,14.665],[-87.324,14.669],[-87.321,14.666],[-87.322,14.664],[-87.321,14.662],[-87.314,14.663],[-87.313,14.667],[-87.317,14.666],[-87.318,14.667],[-87.316,14.668],[-87.315,14.678],[-87.304,14.675],[-87.301,14.68],[-87.296,14.682],[-87.293,14.687],[-87.285,14.686],[-87.284,14.692],[-87.277,14.691],[-87.275,14.697],[-87.266,14.699],[-87.265,14.701],[-87.27,14.701],[-87.272,14.704],[-87.265,14.711],[-87.266,14.713],[-87.268,14.715],[-87.265,14.721],[-87.268,14.725],[-87.256,14.725],[-87.254,14.731],[-87.256,14.737],[-87.25,14.743],[-87.251,14.749],[-87.248,14.754],[-87.251,14.76],[-87.249,14.765],[-87.254,14.768],[-87.251,14.775],[-87.252,14.78],[-87.251,14.784],[-87.251,14.788],[-87.254,14.791],[-87.256,14.796],[-87.259,14.798],[-87.261,14.804],[-87.26,14.809],[-87.263,14.809],[-87.266,14.812],[-87.264,14.816],[-87.263,14.827],[-87.262,14.83],[-87.257,14.831],[-87.256,14.834],[-87.252,14.84],[-87.248,14.842],[-87.245,14.846],[-87.241,14.844],[-87.237,14.846],[-87.233,14.843],[-87.23,14.844],[-87.227,14.843],[-87.225,14.844],[-87.219,14.843],[-87.211,14.847],[-87.209,14.859],[-87.217,14.87],[-87.221,14.869],[-87.224,14.87],[-87.222,14.875],[-87.217,14.877],[-87.217,14.882],[-87.219,14.884],[-87.234,14.888],[-87.237,14.891],[-87.241,14.893],[-87.242,14.895],[-87.253,14.899],[-87.256,14.903],[-87.265,14.906],[-87.271,14.914],[-87.273,14.922],[-87.281,14.927],[-87.29,14.925],[-87.294,14.914],[-87.299,14.914],[-87.302,14.919],[-87.307,14.921],[-87.31,14.926],[-87.312,14.93],[-87.314,14.932],[-87.318,14.927],[-87.32,14.927],[-87.322,14.93],[-87.326,14.931],[-87.333,14.929],[-87.343,14.93],[-87.356,14.938],[-87.355,14.94],[-87.357,14.941],[-87.366,14.938],[-87.373,14.939],[-87.377,14.938],[-87.38,14.933],[-87.39,14.925],[-87.395,14.919],[-87.401,14.92],[-87.404,14.918],[-87.407,14.908],[-87.418,14.91],[-87.424,14.905],[-87.429,14.907],[-87.433,14.911],[-87.436,14.908],[-87.44,14.911],[-87.444,14.909],[-87.45,14.909],[-87.451,14.913],[-87.455,14.915],[-87.453,14.922],[-87.453,14.926],[-87.456,14.927],[-87.459,14.929],[-87.454,14.934],[-87.454,14.938],[-87.46,14.94],[-87.465,14.946],[-87.46,14.955],[-87.465,14.964],[-87.462,14.971],[-87.467,14.972],[-87.477,14.97],[-87.479,14.972],[-87.473,14.978],[-87.474,14.979],[-87.482,14.979],[-87.485,14.977],[-87.488,14.98],[-87.496,14.982],[-87.497,14.985],[-87.496,14.989],[-87.504,14.994],[-87.504,15.007],[-87.506,15.012],[-87.503,15.016],[-87.507,15.022],[-87.508,15.026],[-87.514,15.032],[-87.518,15.04],[-87.526,15.047],[-87.532,15.047],[-87.54,15.054],[-87.551,15.055],[-87.571,15.043],[-87.573,15.038],[-87.583,15.032],[-87.589,15.021],[-87.622,15.011],[-87.641,15.02],[-87.67,15.022],[-87.685,15.016],[-87.707,15.011],[-87.728,15.011],[-87.733,15.013],[-87.735,15.018],[-87.743,15.005],[-87.742,14.99],[-87.735,14.969],[-87.741,14.958],[-87.758,14.947],[-87.78,14.943],[-87.783,14.937],[-87.783,14.927],[-87.786,14.928],[-87.788,14.927],[-87.798,14.931],[-87.798,14.925],[-87.802,14.918],[-87.809,14.916],[-87.81,14.913],[-87.814,14.917],[-87.817,14.911],[-87.82,14.91],[-87.82,14.912],[-87.827,14.91],[-87.825,14.908],[-87.829,14.904],[-87.835,14.907],[-87.835,14.905],[-87.841,14.904],[-87.841,14.901],[-87.846,14.895],[-87.844,14.892],[-87.846,14.892],[-87.847,14.887],[-87.852,14.882],[-87.857,14.88],[-87.859,14.878],[-87.86,14.874],[-87.864,14.871],[-87.864,14.868],[-87.977,14.791],[-88.038,14.749],[-88.064,14.718],[-88.047,14.684],[-88.054,14.664],[-88.069,14.656]]]}},{"type":"Feature","properties":{"shapeName":"Copán","shapeISO":"HN-CP","shapeID":"10453824B73363653217090","shapeGroup":"HND","shapeType":"ADM1"},"geometry":{"type":"Polygon","coordinates":[[[-88.759,15.294],[-88.846,15.243],[-88.856,15.233],[-88.87,15.223],[-88.974,15.136],[-89.154,15.068],[-89.153,15.065],[-89.154,15.061],[-89.153,15.058],[-89.156,15.052],[-89.165,15.041],[-89.174,15.039],[-89.176,15.036],[-89.174,15.035],[-89.175,15.032],[-89.17,15.028],[-89.174,15.025],[-89.177,15.018],[-89.179,15.017],[-89.179,15.011],[-89.184,15.006],[-89.184,15.002],[-89.18,15.0],[-89.179,14.994],[-89.172,14.992],[-89.171,14.989],[-89.167,14.987],[-89.166,14.985],[-89.163,14.986],[-89.162,14.984],[-89.158,14.983],[-89.157,14.979],[-89.16,14.973],[-89.163,14.973],[-89.164,14.97],[-89.162,14.967],[-89.166,14.945],[-89.175,14.941],[-89.175,14.937],[-89.172,14.934],[-89.173,14.929],[-89.176,14.924],[-89.18,14.923],[-89.179,14.918],[-89.182,14.916],[-89.181,14.911],[-89.184,14.907],[-89.194,14.902],[-89.204,14.902],[-89.211,14.893],[-89.224,14.887],[-89.228,14.883],[-89.224,14.835],[-89.194,14.797],[-89.169,14.775],[-89.165,14.731],[-89.131,14.713],[-89.127,14.716],[-89.113,14.719],[-89.103,14.723],[-89.098,14.723],[-89.097,14.724],[-89.092,14.723],[-89.083,14.727],[-89.081,14.726],[-89.079,14.723],[-89.069,14.717],[-89.065,14.718],[-89.055,14.715],[-89.052,14.716],[-89.041,14.72],[-89.03,14.719],[-89.022,14.714],[-89.014,14.716],[-89.008,14.697],[-89.01,14.69],[-89.009,14.69],[-89.004,14.684],[-89.002,14.678],[-89.002,14.672],[-89.004,14.667],[-88.998,14.658],[-88.983,14.643],[-88.977,14.641],[-88.967,14.633],[-88.959,14.631],[-88.927,14.602],[-88.929,14.559],[-88.912,14.555],[-88.895,14.517],[-88.853,14.51],[-88.846,14.495],[-88.826,14.5],[-88.826,14.537],[-88.812,14.533],[-88.798,14.544],[-88.777,14.55],[-88.77,14.572],[-88.759,14.594],[-88.753,14.595],[-88.734,14.611],[-88.754,14.643],[-88.761,14.649],[-88.775,14.651],[-88.79,14.679],[-88.788,14.683],[-88.79,14.684],[-88.791,14.683],[-88.791,14.685],[-88.796,14.687],[-88.795,14.689],[-88.796,14.693],[-88.794,14.696],[-88.796,14.704],[-88.796,14.708],[-88.794,14.708],[-88.795,14.712],[-88.792,14.715],[-88.792,14.717],[-88.789,14.717],[-88.786,14.719],[-88.779,14.717],[-88.777,14.713],[-88.774,14.712],[-88.767,14.714],[-88.763,14.712],[-88.757,14.716],[-88.745,14.709],[-88.738,14.71],[-88.735,14.709],[-88.734,14.707],[-88.732,14.707],[-88.725,14.709],[-88.72,14.709],[-88.717,14.711],[-88.711,14.712],[-88.708,14.711],[-88.704,14.714],[-88.699,14.712],[-88.691,14.711],[-88.688,14.713],[-88.687,14.717],[-88.681,14.723],[-88.674,14.719],[-88.671,14.719],[-88.668,14.721],[-88.667,14.717],[-88.665,14.717],[-88.663,14.721],[-88.661,14.722],[-88.657,14.72],[-88.656,14.716],[-88.654,14.717],[-88.653,14.719],[-88.654,14.724],[-88.653,14.731],[-88.657,14.731],[-88.657,14.734],[-88.658,14.74],[-88.661,14.743],[-88.664,14.744],[-88.659,14.751],[-88.661,14.754],[-88.664,14.755],[-88.664,14.758],[-88.666,14.762],[-88.664,14.769],[-88.669,14.773],[-88.667,14.778],[-88.679,14.783],[-88.681,14.787],[-88.678,14.795],[-88.68,14.8],[-88.676,14.807],[-88.68,14.816],[-88.678,14.817],[-88.677,14.822],[-88.669,14.837],[-88.664,14.839],[-88.663,14.841],[-88.654,14.846],[-88.652,14.849],[-88.653,14.854],[-88.658,14.86],[-88.654,14.868],[-88.65,14.869],[-88.645,14.867],[-88.644,14.868],[-88.649,14.875],[-88.649,14.884],[-88.639,14.901],[-88.646,14.921],[-88.645,14.923],[-88.67,14.913],[-88.684,14.921],[-88.687,14.92],[-88.693,14.928],[-88.694,14.934],[-88.704,14.953],[-88.686,14.996],[-88.682,14.999],[-88.676,15.048],[-88.667,15.06],[-88.656,15.068],[-88.646,15.069],[-88.64,15.072],[-88.638,15.076],[-88.638,15.121],[-88.648,15.157],[-88.721,15.218],[-88.71,15.244],[-88.759,15.294]]]}},{"type":"Feature","properties":{"shapeName":"Cortés","shapeISO":"HN-CR","shapeID":"10453824B86429592273305","shapeGroup":"HND","shapeType":"ADM1"},"geometry":{"type":"Polygon","coordinates":[[[-87.719,15.918],[-87.72,15.919],[-87.731,15.92],[-87.732,15.918],[-87.739,15.913],[-87.75,15.898],[-87.754,15.895],[-87.766,15.894],[-87.786,15.898],[-87.789,15.897],[-87.794,15.9],[-87.813,15.902],[-87.825,15.899],[-87.834,15.898],[-87.84,15.892],[-87.847,15.89],[-87.854,15.889],[-87.871,15.889],[-87.881,15.881],[-87.887,15.878],[-87.896,15.869],[-87.905,15.864],[-87.913,15.863],[-87.941,15.865],[-87.952,15.864],[-87.959,15.858],[-87.964,15.849],[-87.964,15.845],[-87.943,15.843],[-87.939,15.839],[-87.936,15.841],[-87.933,15.834],[-87.934,15.832],[-87.93,15.828],[-87.928,15.83],[-87.931,15.835],[-87.932,15.841],[-87.928,15.842],[-87.928,15.845],[-87.919,15.851],[-87.919,15.854],[-87.915,15.856],[-87.914,15.858],[-87.911,15.858],[-87.91,15.86],[-87.906,15.861],[-87.897,15.859],[-87.9,15.854],[-87.902,15.853],[-87.901,15.852],[-87.899,15.853],[-87.898,15.856],[-87.894,15.86],[-87.893,15.859],[-87.887,15.858],[-87.893,15.858],[-87.894,15.86],[-87.899,15.853],[-87.9,15.852],[-87.901,15.852],[-87.898,15.852],[-87.895,15.858],[-87.893,15.858],[-87.897,15.848],[-87.906,15.833],[-87.916,15.829],[-87.924,15.834],[-87.926,15.828],[-87.932,15.827],[-87.933,15.828],[-87.937,15.817],[-87.952,15.807],[-87.964,15.802],[-87.975,15.803],[-87.978,15.797],[-87.989,15.792],[-87.994,15.791],[-87.994,15.788],[-87.999,15.787],[-88.03,15.786],[-88.04,15.785],[-88.04,15.782],[-88.042,15.781],[-88.044,15.781],[-88.045,15.784],[-88.048,15.782],[-88.049,15.78],[-88.046,15.776],[-88.043,15.776],[-88.044,15.777],[-88.042,15.778],[-88.044,15.775],[-88.045,15.776],[-88.046,15.772],[-88.045,15.771],[-88.046,15.771],[-88.046,15.767],[-88.048,15.763],[-88.058,15.756],[-88.066,15.755],[-88.068,15.751],[-88.076,15.748],[-88.078,15.742],[-88.084,15.734],[-88.088,15.732],[-88.097,15.732],[-88.101,15.728],[-88.109,15.718],[-88.11,15.71],[-88.109,15.708],[-88.109,15.712],[-88.108,15.711],[-88.105,15.715],[-88.104,15.714],[-88.104,15.716],[-88.102,15.715],[-88.103,15.707],[-88.11,15.701],[-88.114,15.692],[-88.12,15.687],[-88.137,15.684],[-88.14,15.682],[-88.155,15.682],[-88.178,15.693],[-88.21,15.714],[-88.227,15.723],[-88.25,15.721],[-88.251,15.719],[-88.246,15.711],[-88.242,15.709],[-88.244,15.698],[-88.248,15.696],[-88.248,15.689],[-88.254,15.688],[-88.261,15.695],[-88.262,15.695],[-88.258,15.686],[-88.259,15.684],[-88.263,15.682],[-88.266,15.683],[-88.267,15.691],[-88.269,15.691],[-88.272,15.686],[-88.275,15.685],[-88.281,15.692],[-88.284,15.692],[-88.286,15.691],[-88.286,15.688],[-88.28,15.68],[-88.28,15.677],[-88.282,15.675],[-88.294,15.675],[-88.304,15.671],[-88.31,15.679],[-88.312,15.68],[-88.318,15.671],[-88.322,15.67],[-88.325,15.672],[-88.326,15.667],[-88.325,15.66],[-88.322,15.658],[-88.324,15.655],[-88.324,15.651],[-88.329,15.644],[-88.329,15.64],[-88.345,15.619],[-88.472,15.513],[-88.411,15.547],[-88.246,15.502],[-88.241,15.491],[-88.242,15.487],[-88.238,15.485],[-88.241,15.479],[-88.241,15.469],[-88.239,15.468],[-88.236,15.461],[-88.239,15.457],[-88.238,15.453],[-88.243,15.446],[-88.24,15.44],[-88.242,15.435],[-88.239,15.435],[-88.238,15.428],[-88.235,15.427],[-88.235,15.424],[-88.233,15.418],[-88.23,15.417],[-88.23,15.415],[-88.216,15.413],[-88.216,15.411],[-88.212,15.411],[-88.194,15.402],[-88.19,15.397],[-88.186,15.388],[-88.183,15.389],[-88.18,15.387],[-88.177,15.387],[-88.176,15.383],[-88.168,15.379],[-88.167,15.375],[-88.164,15.373],[-88.158,15.373],[-88.153,15.376],[-88.152,15.378],[-88.147,15.377],[-88.145,15.381],[-88.1,15.344],[-88.108,15.266],[-88.092,15.228],[-88.054,15.213],[-88.059,15.212],[-88.066,15.202],[-88.067,15.193],[-88.075,15.191],[-88.083,15.184],[-88.082,15.174],[-88.09,15.171],[-88.097,15.158],[-88.102,15.156],[-88.133,15.117],[-88.091,15.083],[-88.091,15.071],[-88.077,15.071],[-88.067,15.075],[-88.056,15.073],[-88.053,15.07],[-88.051,15.062],[-88.04,15.052],[-88.026,15.049],[-88.016,15.046],[-88.029,15.033],[-88.027,15.028],[-88.028,15.024],[-88.034,15.023],[-88.038,15.02],[-88.04,15.006],[-88.049,14.996],[-88.051,14.931],[-88.029,14.934],[-88.028,14.928],[-88.015,14.913],[-87.994,14.896],[-87.984,14.877],[-87.993,14.821],[-87.977,14.791],[-87.864,14.868],[-87.864,14.871],[-87.86,14.874],[-87.859,14.878],[-87.857,14.88],[-87.852,14.882],[-87.847,14.887],[-87.846,14.892],[-87.844,14.892],[-87.846,14.895],[-87.841,14.901],[-87.841,14.904],[-87.835,14.905],[-87.835,14.907],[-87.829,14.904],[-87.825,14.908],[-87.827,14.91],[-87.82,14.912],[-87.82,14.91],[-87.817,14.911],[-87.814,14.917],[-87.81,14.913],[-87.809,14.916],[-87.802,14.918],[-87.798,14.925],[-87.798,14.931],[-87.788,14.927],[-87.786,14.928],[-87.783,14.927],[-87.783,14.937],[-87.78,14.943],[-87.758,14.947],[-87.741,14.958],[-87.735,14.969],[-87.742,14.99],[-87.743,15.005],[-87.735,15.018],[-87.745,15.029],[-87.745,15.037],[-87.75,15.047],[-87.744,15.06],[-87.746,15.066],[-87.744,15.075],[-87.739,15.076],[-87.732,15.082],[-87.733,15.087],[-87.737,15.088],[-87.738,15.09],[-87.735,15.094],[-87.738,15.1],[-87.733,15.109],[-87.734,15.111],[-87.74,15.112],[-87.742,15.116],[-87.745,15.118],[-87.754,15.128],[-87.753,15.131],[-87.755,15.134],[-87.77,15.14],[-87.777,15.138],[-87.781,15.135],[-87.797,15.14],[-87.798,15.142],[-87.795,15.146],[-87.795,15.151],[-87.803,15.156],[-87.808,15.155],[-87.813,15.15],[-87.816,15.153],[-87.817,15.16],[-87.819,15.161],[-87.823,15.161],[-87.832,15.158],[-87.836,15.16],[-87.842,15.158],[-87.846,15.16],[-87.851,15.163],[-87.848,15.171],[-87.848,15.174],[-87.851,15.177],[-87.855,15.176],[-87.861,15.181],[-87.863,15.185],[-87.864,15.191],[-87.867,15.193],[-87.881,15.194],[-87.902,15.191],[-87.913,15.199],[-87.925,15.2],[-87.926,15.207],[-87.919,15.207],[-87.916,15.21],[-87.925,15.214],[-87.918,15.222],[-87.919,15.228],[-87.924,15.23],[-87.927,15.233],[-87.921,15.241],[-87.92,15.243],[-87.921,15.245],[-87.925,15.246],[-87.931,15.237],[-87.936,15.235],[-87.938,15.245],[-87.935,15.255],[-87.934,15.266],[-87.932,15.27],[-87.923,15.275],[-87.917,15.275],[-87.913,15.273],[-87.91,15.274],[-87.911,15.288],[-87.912,15.29],[-87.919,15.292],[-87.926,15.292],[-87.929,15.295],[-87.928,15.299],[-87.923,15.303],[-87.916,15.306],[-87.908,15.303],[-87.905,15.306],[-87.905,15.31],[-87.908,15.314],[-87.916,15.317],[-87.918,15.322],[-87.917,15.324],[-87.905,15.326],[-87.901,15.326],[-87.897,15.323],[-87.894,15.323],[-87.888,15.331],[-87.888,15.341],[-87.887,15.344],[-87.885,15.346],[-87.883,15.346],[-87.877,15.337],[-87.872,15.335],[-87.865,15.336],[-87.863,15.34],[-87.864,15.346],[-87.877,15.345],[-87.881,15.35],[-87.88,15.352],[-87.861,15.366],[-87.847,15.379],[-87.844,15.391],[-87.839,15.398],[-87.838,15.404],[-87.825,15.401],[-87.821,15.402],[-87.819,15.407],[-87.818,15.413],[-87.826,15.433],[-87.846,15.444],[-87.863,15.449],[-87.865,15.455],[-87.859,15.459],[-87.836,15.46],[-87.833,15.459],[-87.83,15.454],[-87.83,15.442],[-87.83,15.44],[-87.827,15.439],[-87.82,15.441],[-87.815,15.451],[-87.81,15.456],[-87.807,15.46],[-87.807,15.463],[-87.809,15.468],[-87.814,15.472],[-87.824,15.474],[-87.827,15.476],[-87.828,15.479],[-87.822,15.489],[-87.824,15.493],[-87.835,15.497],[-87.836,15.5],[-87.837,15.504],[-87.835,15.508],[-87.826,15.514],[-87.827,15.52],[-87.832,15.527],[-87.832,15.528],[-87.828,15.53],[-87.822,15.529],[-87.814,15.521],[-87.81,15.519],[-87.807,15.52],[-87.805,15.523],[-87.805,15.525],[-87.807,15.529],[-87.814,15.533],[-87.816,15.551],[-87.812,15.555],[-87.804,15.556],[-87.8,15.558],[-87.799,15.56],[-87.798,15.564],[-87.806,15.574],[-87.805,15.579],[-87.802,15.582],[-87.795,15.583],[-87.783,15.575],[-87.779,15.567],[-87.776,15.567],[-87.772,15.57],[-87.772,15.575],[-87.774,15.575],[-87.777,15.578],[-87.784,15.592],[-87.783,15.596],[-87.78,15.598],[-87.777,15.598],[-87.767,15.593],[-87.764,15.594],[-87.766,15.602],[-87.763,15.61],[-87.766,15.614],[-87.774,15.62],[-87.774,15.624],[-87.769,15.633],[-87.771,15.638],[-87.776,15.642],[-87.781,15.642],[-87.797,15.638],[-87.803,15.64],[-87.81,15.646],[-87.811,15.651],[-87.81,15.655],[-87.805,15.659],[-87.805,15.663],[-87.808,15.666],[-87.812,15.665],[-87.816,15.654],[-87.819,15.653],[-87.829,15.66],[-87.83,15.665],[-87.822,15.681],[-87.816,15.684],[-87.805,15.682],[-87.805,15.688],[-87.807,15.691],[-87.81,15.692],[-87.819,15.686],[-87.824,15.685],[-87.831,15.69],[-87.838,15.686],[-87.838,15.687],[-87.837,15.69],[-87.826,15.7],[-87.807,15.705],[-87.803,15.708],[-87.802,15.71],[-87.803,15.719],[-87.801,15.724],[-87.797,15.725],[-87.792,15.724],[-87.785,15.711],[-87.78,15.71],[-87.776,15.712],[-87.772,15.718],[-87.777,15.729],[-87.776,15.733],[-87.772,15.734],[-87.758,15.732],[-87.756,15.733],[-87.755,15.735],[-87.765,15.747],[-87.766,15.752],[-87.764,15.761],[-87.77,15.765],[-87.774,15.775],[-87.776,15.775],[-87.778,15.773],[-87.781,15.768],[-87.782,15.76],[-87.786,15.759],[-87.787,15.762],[-87.781,15.776],[-87.788,15.782],[-87.791,15.789],[-87.799,15.787],[-87.802,15.79],[-87.801,15.793],[-87.793,15.797],[-87.794,15.804],[-87.798,15.81],[-87.796,15.812],[-87.792,15.812],[-87.786,15.806],[-87.782,15.806],[-87.779,15.808],[-87.779,15.813],[-87.786,15.825],[-87.784,15.827],[-87.78,15.827],[-87.776,15.82],[-87.773,15.819],[-87.769,15.82],[-87.774,15.825],[-87.771,15.834],[-87.772,15.84],[-87.771,15.842],[-87.766,15.842],[-87.765,15.845],[-87.774,15.85],[-87.773,15.855],[-87.771,15.858],[-87.762,15.863],[-87.755,15.871],[-87.752,15.878],[-87.748,15.88],[-87.745,15.879],[-87.748,15.879],[-87.749,15.878],[-87.747,15.874],[-87.745,15.874],[-87.73,15.878],[-87.728,15.887],[-87.731,15.892],[-87.731,15.895],[-87.729,15.9],[-87.728,15.911],[-87.725,15.914],[-87.719,15.918]]]}},{"type":"Feature","properties":{"shapeName":"Francisco Morazán","shapeISO":"HN-FM","shapeID":"10453824B24427405220616","shapeGroup":"HND","shapeType":"ADM1"},"geometry":{"type":"Polygon","coordinates":[[[-87.212,13.668],[-87.184,13.686],[-87.153,13.667],[-87.144,13.663],[-87.143,13.661],[-87.139,13.662],[-87.137,13.66],[-87.13,13.657],[-87.128,13.654],[-87.124,13.654],[-87.125,13.657],[-87.127,13.665],[-87.129,13.667],[-87.132,13.672],[-87.116,13.698],[-87.102,13.71],[-87.101,13.713],[-87.109,13.719],[-87.11,13.723],[-87.115,13.726],[-87.113,13.73],[-87.117,13.732],[-87.118,13.734],[-87.116,13.737],[-87.119,13.741],[-87.116,13.745],[-87.117,13.747],[-87.12,13.748],[-87.117,13.751],[-87.118,13.753],[-87.117,13.754],[-87.117,13.758],[-87.114,13.758],[-87.114,13.762],[-87.112,13.763],[-87.112,13.765],[-87.115,13.767],[-87.112,13.768],[-87.111,13.77],[-87.117,13.771],[-87.118,13.774],[-87.118,13.777],[-87.12,13.776],[-87.122,13.776],[-87.123,13.779],[-87.126,13.781],[-87.126,13.785],[-87.131,13.792],[-87.127,13.796],[-87.127,13.799],[-87.121,13.797],[-87.122,13.805],[-87.118,13.807],[-87.116,13.81],[-87.113,13.809],[-87.087,13.79],[-87.082,13.776],[-87.078,13.775],[-87.069,13.776],[-87.064,13.773],[-87.061,13.774],[-87.06,13.773],[-87.054,13.771],[-87.051,13.772],[-87.05,13.77],[-87.049,13.771],[-87.033,13.773],[-87.032,13.772],[-87.031,13.763],[-87.023,13.767],[-87.016,13.776],[-87.012,13.794],[-87.001,13.816],[-86.996,13.822],[-86.989,13.846],[-86.994,13.853],[-86.993,13.858],[-86.995,13.859],[-86.993,13.863],[-86.994,13.865],[-86.991,13.871],[-86.989,13.883],[-86.986,13.887],[-86.989,13.889],[-86.987,13.893],[-86.99,13.899],[-86.99,13.902],[-86.998,13.91],[-86.996,13.911],[-86.996,13.915],[-86.994,13.915],[-86.995,13.917],[-86.989,13.921],[-86.989,13.926],[-86.985,13.927],[-86.987,13.929],[-86.982,13.93],[-86.98,13.933],[-86.985,13.938],[-86.984,13.94],[-86.987,13.944],[-86.988,13.955],[-86.99,13.958],[-86.991,13.963],[-86.987,13.963],[-86.988,13.967],[-86.984,13.969],[-86.983,13.964],[-86.984,13.963],[-86.98,13.963],[-86.979,13.96],[-86.976,13.959],[-86.97,13.96],[-86.963,13.957],[-86.96,13.958],[-86.956,13.952],[-86.952,13.95],[-86.949,13.951],[-86.914,13.989],[-86.919,14.001],[-86.911,14.002],[-86.912,14.015],[-86.91,14.053],[-86.915,14.054],[-86.917,14.053],[-86.945,14.064],[-86.948,14.075],[-86.947,14.085],[-86.971,14.101],[-86.988,14.125],[-86.974,14.143],[-86.954,14.142],[-86.935,14.134],[-86.923,14.133],[-86.917,14.134],[-86.914,14.13],[-86.913,14.138],[-86.899,14.155],[-86.897,14.16],[-86.9,14.162],[-86.902,14.162],[-86.907,14.168],[-86.911,14.17],[-86.918,14.17],[-86.921,14.172],[-86.924,14.167],[-86.926,14.167],[-86.928,14.171],[-86.927,14.173],[-86.924,14.173],[-86.924,14.176],[-86.931,14.182],[-86.919,14.186],[-86.91,14.192],[-86.897,14.231],[-86.859,14.266],[-86.842,14.292],[-86.83,14.291],[-86.827,14.295],[-86.832,14.332],[-86.798,14.36],[-86.713,14.422],[-86.711,14.428],[-86.711,14.433],[-86.734,14.479],[-86.73,14.488],[-86.73,14.505],[-86.742,14.51],[-86.752,14.534],[-86.739,14.572],[-86.74,14.576],[-86.752,14.581],[-86.76,14.586],[-86.758,14.59],[-86.759,14.592],[-86.768,14.606],[-86.772,14.607],[-86.779,14.61],[-86.78,14.614],[-86.784,14.616],[-86.789,14.62],[-86.796,14.621],[-86.796,14.63],[-86.805,14.639],[-86.819,14.639],[-86.829,14.642],[-86.832,14.649],[-86.839,14.657],[-86.851,14.664],[-86.851,14.666],[-86.869,14.711],[-86.879,14.746],[-86.897,14.764],[-86.901,14.771],[-86.894,14.794],[-86.893,14.797],[-86.891,14.796],[-86.891,14.798],[-86.895,14.803],[-86.898,14.802],[-86.9,14.803],[-86.901,14.805],[-86.903,14.805],[-86.904,14.808],[-86.905,14.806],[-86.908,14.807],[-86.909,14.81],[-86.912,14.816],[-86.909,14.821],[-86.911,14.822],[-86.908,14.822],[-86.904,14.825],[-86.913,14.854],[-86.919,14.864],[-86.93,14.869],[-86.931,14.882],[-86.93,14.888],[-86.936,14.897],[-86.93,14.905],[-86.923,14.907],[-86.925,14.912],[-86.925,14.917],[-86.918,14.924],[-86.914,14.934],[-86.906,14.936],[-86.903,14.939],[-86.923,14.951],[-86.928,14.951],[-86.932,14.952],[-86.932,14.961],[-86.935,14.964],[-86.948,14.965],[-86.956,14.971],[-86.961,14.969],[-86.969,14.974],[-86.972,14.988],[-86.976,14.989],[-86.978,14.994],[-86.983,14.999],[-86.988,15.001],[-86.99,15.005],[-86.991,15.015],[-87.026,15.023],[-87.03,15.026],[-87.048,15.022],[-87.054,15.024],[-87.062,15.023],[-87.075,15.015],[-87.078,15.015],[-87.081,15.016],[-87.085,15.02],[-87.091,15.021],[-87.105,15.031],[-87.118,15.031],[-87.126,15.029],[-87.134,15.033],[-87.137,15.028],[-87.147,15.026],[-87.153,15.028],[-87.157,15.028],[-87.163,15.024],[-87.167,15.026],[-87.173,15.023],[-87.176,15.018],[-87.182,15.016],[-87.187,15.008],[-87.187,15.003],[-87.184,15.002],[-87.184,14.999],[-87.186,14.992],[-87.187,14.983],[-87.185,14.97],[-87.189,14.968],[-87.189,14.966],[-87.19,14.966],[-87.191,14.964],[-87.198,14.962],[-87.202,14.958],[-87.204,14.958],[-87.21,14.949],[-87.214,14.949],[-87.213,14.944],[-87.214,14.936],[-87.209,14.929],[-87.208,14.925],[-87.211,14.921],[-87.217,14.916],[-87.218,14.913],[-87.215,14.911],[-87.204,14.908],[-87.197,14.907],[-87.199,14.895],[-87.193,14.89],[-87.194,14.885],[-87.199,14.882],[-87.197,14.88],[-87.2,14.875],[-87.201,14.877],[-87.207,14.875],[-87.21,14.878],[-87.212,14.882],[-87.217,14.882],[-87.217,14.877],[-87.222,14.875],[-87.224,14.87],[-87.221,14.869],[-87.217,14.87],[-87.209,14.859],[-87.211,14.847],[-87.219,14.843],[-87.225,14.844],[-87.227,14.843],[-87.23,14.844],[-87.233,14.843],[-87.237,14.846],[-87.241,14.844],[-87.245,14.846],[-87.248,14.842],[-87.252,14.84],[-87.256,14.834],[-87.257,14.831],[-87.262,14.83],[-87.263,14.827],[-87.264,14.816],[-87.266,14.812],[-87.263,14.809],[-87.26,14.809],[-87.261,14.804],[-87.259,14.798],[-87.256,14.796],[-87.254,14.791],[-87.251,14.788],[-87.251,14.784],[-87.252,14.78],[-87.251,14.775],[-87.254,14.768],[-87.249,14.765],[-87.251,14.76],[-87.248,14.754],[-87.251,14.749],[-87.25,14.743],[-87.256,14.737],[-87.254,14.731],[-87.256,14.725],[-87.268,14.725],[-87.265,14.721],[-87.268,14.715],[-87.266,14.713],[-87.265,14.711],[-87.272,14.704],[-87.27,14.701],[-87.265,14.701],[-87.266,14.699],[-87.275,14.697],[-87.277,14.691],[-87.284,14.692],[-87.285,14.686],[-87.293,14.687],[-87.296,14.682],[-87.301,14.68],[-87.304,14.675],[-87.315,14.678],[-87.316,14.668],[-87.318,14.667],[-87.317,14.666],[-87.313,14.667],[-87.314,14.663],[-87.321,14.662],[-87.322,14.664],[-87.321,14.666],[-87.324,14.669],[-87.33,14.665],[-87.325,14.654],[-87.324,14.647],[-87.325,14.644],[-87.331,14.64],[-87.326,14.635],[-87.326,14.633],[-87.327,14.632],[-87.331,14.633],[-87.332,14.629],[-87.335,14.626],[-87.334,14.622],[-87.335,14.62],[-87.332,14.616],[-87.334,14.613],[-87.337,14.612],[-87.337,14.606],[-87.348,14.606],[-87.35,14.608],[-87.355,14.606],[-87.358,14.607],[-87.359,14.609],[-87.361,14.608],[-87.362,14.611],[-87.365,14.609],[-87.366,14.617],[-87.375,14.617],[-87.377,14.615],[-87.381,14.618],[-87.382,14.617],[-87.391,14.619],[-87.392,14.621],[-87.397,14.624],[-87.405,14.622],[-87.405,14.62],[-87.404,14.617],[-87.405,14.614],[-87.402,14.611],[-87.404,14.609],[-87.402,14.607],[-87.406,14.604],[-87.404,14.602],[-87.406,14.601],[-87.404,14.601],[-87.407,14.599],[-87.405,14.597],[-87.408,14.596],[-87.408,14.594],[-87.41,14.592],[-87.407,14.59],[-87.411,14.586],[-87.408,14.582],[-87.409,14.577],[-87.408,14.575],[-87.409,14.574],[-87.411,14.575],[-87.411,14.573],[-87.412,14.575],[-87.414,14.571],[-87.416,14.571],[-87.42,14.564],[-87.468,14.523],[-87.455,14.476],[-87.439,14.474],[-87.431,14.463],[-87.422,14.459],[-87.42,14.456],[-87.419,14.452],[-87.413,14.447],[-87.403,14.449],[-87.402,14.449],[-87.405,14.445],[-87.404,14.443],[-87.405,14.442],[-87.403,14.433],[-87.404,14.429],[-87.406,14.427],[-87.418,14.423],[-87.42,14.422],[-87.408,14.418],[-87.404,14.415],[-87.396,14.417],[-87.394,14.408],[-87.391,14.403],[-87.385,14.398],[-87.384,14.395],[-87.402,14.345],[-87.404,14.344],[-87.41,14.344],[-87.41,14.343],[-87.415,14.342],[-87.417,14.342],[-87.421,14.34],[-87.431,14.339],[-87.442,14.331],[-87.453,14.336],[-87.465,14.333],[-87.468,14.327],[-87.463,14.273],[-87.463,14.271],[-87.462,14.264],[-87.443,14.248],[-87.434,14.247],[-87.434,14.245],[-87.431,14.245],[-87.425,14.224],[-87.433,14.214],[-87.472,14.211],[-87.478,14.202],[-87.487,14.198],[-87.489,14.193],[-87.498,14.181],[-87.498,14.175],[-87.494,14.171],[-87.491,14.17],[-87.5,14.161],[-87.542,14.134],[-87.58,14.144],[-87.583,14.141],[-87.586,14.14],[-87.594,14.13],[-87.601,14.125],[-87.609,14.113],[-87.617,14.106],[-87.612,14.077],[-87.604,14.033],[-87.605,14.001],[-87.604,13.996],[-87.592,13.981],[-87.598,13.972],[-87.592,13.967],[-87.591,13.963],[-87.599,13.949],[-87.6,13.945],[-87.598,13.928],[-87.6,13.916],[-87.604,13.911],[-87.602,13.906],[-87.602,13.896],[-87.607,13.896],[-87.615,13.89],[-87.616,13.888],[-87.615,13.88],[-87.616,13.877],[-87.615,13.873],[-87.615,13.87],[-87.624,13.854],[-87.63,13.849],[-87.639,13.843],[-87.645,13.83],[-87.645,13.817],[-87.644,13.815],[-87.646,13.812],[-87.643,13.799],[-87.643,13.782],[-87.643,13.779],[-87.645,13.779],[-87.644,13.777],[-87.648,13.769],[-87.647,13.768],[-87.65,13.756],[-87.649,13.743],[-87.641,13.741],[-87.629,13.74],[-87.627,13.739],[-87.625,13.735],[-87.616,13.733],[-87.61,13.727],[-87.584,13.711],[-87.544,13.717],[-87.542,13.71],[-87.521,13.697],[-87.519,13.692],[-87.504,13.685],[-87.5,13.687],[-87.495,13.683],[-87.493,13.684],[-87.489,13.68],[-87.487,13.681],[-87.481,13.678],[-87.476,13.678],[-87.466,13.676],[-87.46,13.671],[-87.46,13.676],[-87.465,13.683],[-87.46,13.693],[-87.459,13.713],[-87.454,13.718],[-87.454,13.725],[-87.451,13.729],[-87.456,13.735],[-87.456,13.753],[-87.452,13.757],[-87.447,13.757],[-87.441,13.76],[-87.434,13.758],[-87.419,13.758],[-87.412,13.753],[-87.402,13.749],[-87.399,13.749],[-87.395,13.753],[-87.386,13.753],[-87.381,13.755],[-87.381,13.751],[-87.389,13.744],[-87.389,13.738],[-87.394,13.733],[-87.394,13.718],[-87.386,13.718],[-87.386,13.712],[-87.381,13.707],[-87.368,13.7],[-87.363,13.7],[-87.362,13.699],[-87.364,13.692],[-87.36,13.684],[-87.358,13.686],[-87.357,13.685],[-87.352,13.685],[-87.343,13.687],[-87.333,13.687],[-87.329,13.688],[-87.326,13.686],[-87.32,13.688],[-87.317,13.691],[-87.311,13.69],[-87.3,13.685],[-87.298,13.683],[-87.299,13.681],[-87.292,13.682],[-87.29,13.678],[-87.285,13.68],[-87.281,13.68],[-87.276,13.686],[-87.272,13.68],[-87.268,13.678],[-87.267,13.681],[-87.263,13.681],[-87.265,13.687],[-87.261,13.686],[-87.253,13.688],[-87.212,13.668]]]}},{"type":"Feature","properties":{"shapeName":"Intibucá","shapeISO":"HN-IN","shapeID":"10453824B62561105591680","shapeGroup":"HND","shapeType":"ADM1"},"geometry":{"type":"Polygon","coordinates":[[[-88.069,14.656],[-88.087,14.643],[-88.125,14.652],[-88.157,14.658],[-88.18,14.651],[-88.189,14.644],[-88.215,14.655],[-88.268,14.646],[-88.347,14.652],[-88.33,14.623],[-88.326,14.598],[-88.323,14.567],[-88.348,14.529],[-88.343,14.518],[-88.345,14.506],[-88.364,14.487],[-88.378,14.476],[-88.431,14.471],[-88.445,14.477],[-88.45,14.477],[-88.469,14.473],[-88.502,14.452],[-88.499,14.452],[-88.498,14.45],[-88.5,14.448],[-88.499,14.446],[-88.502,14.444],[-88.504,14.435],[-88.5,14.43],[-88.501,14.424],[-88.499,14.419],[-88.5,14.418],[-88.498,14.417],[-88.498,14.413],[-88.496,14.414],[-88.495,14.409],[-88.497,14.408],[-88.499,14.409],[-88.501,14.405],[-88.489,14.388],[-88.452,14.361],[-88.448,14.361],[-88.444,14.364],[-88.44,14.366],[-88.427,14.361],[-88.416,14.324],[-88.409,14.279],[-88.425,14.256],[-88.425,14.251],[-88.424,14.248],[-88.41,14.241],[-88.408,14.243],[-88.405,14.242],[-88.403,14.239],[-88.399,14.237],[-88.397,14.234],[-88.393,14.235],[-88.391,14.233],[-88.389,14.235],[-88.388,14.232],[-88.384,14.228],[-88.383,14.231],[-88.381,14.23],[-88.373,14.229],[-88.369,14.233],[-88.367,14.229],[-88.365,14.231],[-88.36,14.231],[-88.337,14.226],[-88.332,14.228],[-88.329,14.221],[-88.325,14.217],[-88.32,14.211],[-88.327,14.2],[-88.326,14.192],[-88.331,14.185],[-88.331,14.182],[-88.333,14.177],[-88.33,14.171],[-88.328,14.17],[-88.328,14.165],[-88.324,14.164],[-88.319,14.157],[-88.319,14.15],[-88.321,14.147],[-88.32,14.145],[-88.322,14.143],[-88.323,14.138],[-88.323,14.134],[-88.321,14.132],[-88.32,14.123],[-88.317,14.119],[-88.318,14.115],[-88.316,14.11],[-88.318,14.107],[-88.321,14.107],[-88.328,14.105],[-88.328,14.1],[-88.334,14.096],[-88.332,14.09],[-88.327,14.081],[-88.327,14.079],[-88.332,14.076],[-88.339,14.078],[-88.345,14.074],[-88.351,14.075],[-88.351,14.073],[-88.357,14.068],[-88.365,14.053],[-88.372,14.052],[-88.374,14.046],[-88.378,14.044],[-88.382,14.044],[-88.384,14.042],[-88.383,14.039],[-88.394,14.038],[-88.399,14.035],[-88.404,14.035],[-88.405,14.032],[-88.412,14.027],[-88.418,14.026],[-88.426,14.02],[-88.44,14.018],[-88.441,14.014],[-88.445,14.01],[-88.449,14.011],[-88.456,14.008],[-88.462,14.008],[-88.469,13.995],[-88.475,13.992],[-88.479,13.993],[-88.481,13.992],[-88.477,13.986],[-88.477,13.98],[-88.48,13.98],[-88.481,13.975],[-88.485,13.976],[-88.489,13.974],[-88.492,13.963],[-88.494,13.964],[-88.495,13.966],[-88.5,13.965],[-88.5,13.962],[-88.498,13.951],[-88.5,13.948],[-88.506,13.944],[-88.507,13.942],[-88.506,13.936],[-88.508,13.928],[-88.507,13.922],[-88.51,13.918],[-88.511,13.911],[-88.506,13.909],[-88.501,13.894],[-88.492,13.878],[-88.492,13.876],[-88.496,13.873],[-88.496,13.87],[-88.492,13.86],[-88.488,13.861],[-88.481,13.857],[-88.472,13.855],[-88.468,13.849],[-88.465,13.855],[-88.466,13.863],[-88.461,13.861],[-88.458,13.862],[-88.452,13.859],[-88.45,13.864],[-88.445,13.864],[-88.44,13.859],[-88.434,13.875],[-88.43,13.878],[-88.424,13.879],[-88.419,13.886],[-88.414,13.879],[-88.403,13.883],[-88.395,13.881],[-88.386,13.885],[-88.376,13.885],[-88.374,13.88],[-88.37,13.875],[-88.362,13.87],[-88.356,13.87],[-88.352,13.875],[-88.35,13.88],[-88.35,13.891],[-88.345,13.896],[-88.341,13.896],[-88.333,13.892],[-88.329,13.894],[-88.327,13.891],[-88.323,13.892],[-88.317,13.89],[-88.316,13.892],[-88.317,13.898],[-88.313,13.902],[-88.31,13.903],[-88.31,13.904],[-88.307,13.902],[-88.305,13.906],[-88.303,13.905],[-88.298,13.911],[-88.292,13.912],[-88.29,13.914],[-88.283,13.912],[-88.281,13.909],[-88.276,13.912],[-88.275,13.911],[-88.272,13.914],[-88.268,13.913],[-88.263,13.919],[-88.266,13.924],[-88.263,13.927],[-88.265,13.929],[-88.264,13.931],[-88.266,13.934],[-88.265,13.937],[-88.263,13.937],[-88.261,13.939],[-88.26,13.937],[-88.236,13.939],[-88.227,13.938],[-88.219,13.954],[-88.231,13.963],[-88.236,13.971],[-88.236,13.978],[-88.234,13.988],[-88.238,13.99],[-88.238,13.994],[-88.233,13.996],[-88.23,14.0],[-88.229,13.998],[-88.225,13.999],[-88.217,13.993],[-88.205,14.051],[-88.213,14.06],[-88.228,14.067],[-88.236,14.079],[-88.236,14.085],[-88.232,14.084],[-88.228,14.088],[-88.226,14.084],[-88.224,14.084],[-88.223,14.089],[-88.219,14.091],[-88.218,14.097],[-88.212,14.101],[-88.205,14.101],[-88.206,14.105],[-88.203,14.107],[-88.202,14.111],[-88.199,14.11],[-88.197,14.112],[-88.197,14.114],[-88.195,14.116],[-88.196,14.118],[-88.192,14.124],[-88.188,14.127],[-88.185,14.131],[-88.186,14.134],[-88.182,14.138],[-88.178,14.138],[-88.174,14.142],[-88.171,14.141],[-88.166,14.149],[-88.162,14.149],[-88.162,14.152],[-88.158,14.155],[-88.158,14.158],[-88.154,14.16],[-88.15,14.16],[-88.147,14.163],[-88.145,14.161],[-88.143,14.164],[-88.139,14.163],[-88.138,14.166],[-88.132,14.165],[-88.134,14.167],[-88.133,14.169],[-88.126,14.17],[-88.119,14.173],[-88.12,14.176],[-88.118,14.178],[-88.118,14.184],[-88.108,14.192],[-88.108,14.205],[-88.107,14.211],[-88.067,14.241],[-88.064,14.246],[-88.049,14.253],[-88.029,14.255],[-88.024,14.259],[-88.02,14.255],[-88.008,14.254],[-88.007,14.255],[-88.005,14.259],[-88.006,14.266],[-88.004,14.269],[-88.006,14.272],[-88.006,14.274],[-88.008,14.277],[-88.006,14.281],[-88.004,14.282],[-88.004,14.284],[-88.002,14.285],[-88.003,14.288],[-87.995,14.293],[-87.991,14.29],[-87.99,14.294],[-87.988,14.296],[-87.983,14.293],[-87.981,14.295],[-87.978,14.293],[-87.974,14.298],[-87.974,14.303],[-87.97,14.306],[-87.971,14.308],[-87.968,14.308],[-87.97,14.31],[-87.971,14.313],[-87.969,14.318],[-87.97,14.32],[-87.969,14.322],[-87.966,14.322],[-87.964,14.325],[-87.963,14.323],[-87.961,14.323],[-87.959,14.326],[-87.952,14.327],[-87.956,14.329],[-87.955,14.33],[-87.952,14.331],[-87.953,14.332],[-87.954,14.337],[-87.951,14.343],[-87.955,14.35],[-87.959,14.349],[-87.959,14.354],[-87.956,14.357],[-87.958,14.359],[-87.957,14.361],[-87.959,14.362],[-87.958,14.366],[-87.962,14.368],[-87.96,14.37],[-87.958,14.369],[-87.957,14.372],[-87.958,14.374],[-87.955,14.374],[-87.958,14.379],[-87.957,14.382],[-87.958,14.391],[-87.953,14.39],[-87.952,14.388],[-87.951,14.39],[-87.948,14.387],[-87.949,14.385],[-87.947,14.384],[-87.944,14.385],[-87.943,14.384],[-87.941,14.384],[-87.938,14.382],[-87.936,14.383],[-87.934,14.382],[-87.933,14.383],[-87.928,14.384],[-87.927,14.382],[-87.916,14.381],[-87.913,14.383],[-87.907,14.386],[-87.905,14.39],[-87.902,14.392],[-87.895,14.395],[-87.866,14.414],[-87.855,14.427],[-87.848,14.434],[-87.852,14.448],[-87.859,14.454],[-87.887,14.485],[-87.899,14.503],[-87.902,14.532],[-87.92,14.546],[-87.949,14.606],[-88.043,14.636],[-88.06,14.626],[-88.069,14.656]]]}},{"type":"Feature","properties":{"shapeName":"La Paz","shapeISO":"HN-LP","shapeID":"10453824B11843061934635","shapeGroup":"HND","shapeType":"ADM1"},"geometry":{"type":"Polygon","coordinates":[[[-87.645,13.83],[-87.639,13.843],[-87.63,13.849],[-87.624,13.854],[-87.615,13.87],[-87.615,13.873],[-87.616,13.877],[-87.615,13.88],[-87.616,13.888],[-87.615,13.89],[-87.607,13.896],[-87.602,13.896],[-87.602,13.906],[-87.604,13.911],[-87.6,13.916],[-87.598,13.928],[-87.6,13.945],[-87.599,13.949],[-87.591,13.963],[-87.592,13.967],[-87.598,13.972],[-87.592,13.981],[-87.604,13.996],[-87.605,14.001],[-87.604,14.033],[-87.612,14.077],[-87.631,14.074],[-87.659,14.055],[-87.742,14.117],[-87.774,14.12],[-87.784,14.132],[-87.775,14.153],[-87.764,14.16],[-87.797,14.183],[-87.814,14.19],[-87.811,14.204],[-87.78,14.207],[-87.77,14.24],[-87.748,14.235],[-87.72,14.242],[-87.705,14.241],[-87.672,14.246],[-87.628,14.261],[-87.608,14.295],[-87.637,14.327],[-87.647,14.371],[-87.648,14.371],[-87.648,14.368],[-87.651,14.369],[-87.655,14.37],[-87.656,14.373],[-87.659,14.373],[-87.669,14.365],[-87.681,14.359],[-87.701,14.346],[-87.713,14.356],[-87.733,14.359],[-87.746,14.366],[-87.754,14.372],[-87.783,14.374],[-87.788,14.385],[-87.789,14.392],[-87.836,14.395],[-87.848,14.421],[-87.855,14.427],[-87.866,14.414],[-87.895,14.395],[-87.902,14.392],[-87.905,14.39],[-87.907,14.386],[-87.913,14.383],[-87.916,14.381],[-87.927,14.382],[-87.928,14.384],[-87.933,14.383],[-87.934,14.382],[-87.936,14.383],[-87.938,14.382],[-87.941,14.384],[-87.943,14.384],[-87.944,14.385],[-87.947,14.384],[-87.949,14.385],[-87.948,14.387],[-87.951,14.39],[-87.952,14.388],[-87.953,14.39],[-87.958,14.391],[-87.957,14.382],[-87.958,14.379],[-87.955,14.374],[-87.958,14.374],[-87.957,14.372],[-87.958,14.369],[-87.96,14.37],[-87.962,14.368],[-87.958,14.366],[-87.959,14.362],[-87.957,14.361],[-87.958,14.359],[-87.956,14.357],[-87.959,14.354],[-87.959,14.349],[-87.955,14.35],[-87.951,14.343],[-87.954,14.337],[-87.953,14.332],[-87.952,14.331],[-87.955,14.33],[-87.956,14.329],[-87.952,14.327],[-87.959,14.326],[-87.961,14.323],[-87.963,14.323],[-87.964,14.325],[-87.966,14.322],[-87.969,14.322],[-87.97,14.32],[-87.969,14.318],[-87.971,14.313],[-87.97,14.31],[-87.968,14.308],[-87.971,14.308],[-87.97,14.306],[-87.974,14.303],[-87.974,14.298],[-87.978,14.293],[-87.981,14.295],[-87.983,14.293],[-87.988,14.296],[-87.99,14.294],[-87.991,14.29],[-87.995,14.293],[-88.003,14.288],[-88.002,14.285],[-88.004,14.284],[-88.004,14.282],[-88.006,14.281],[-88.008,14.277],[-88.006,14.274],[-88.006,14.272],[-88.004,14.269],[-88.006,14.266],[-88.005,14.259],[-88.007,14.255],[-88.008,14.254],[-88.02,14.255],[-88.024,14.259],[-88.029,14.255],[-88.049,14.253],[-88.064,14.246],[-88.067,14.241],[-88.107,14.211],[-88.108,14.205],[-88.108,14.192],[-88.118,14.184],[-88.118,14.178],[-88.12,14.176],[-88.119,14.173],[-88.126,14.17],[-88.133,14.169],[-88.134,14.167],[-88.132,14.165],[-88.138,14.166],[-88.139,14.163],[-88.143,14.164],[-88.145,14.161],[-88.147,14.163],[-88.15,14.16],[-88.154,14.16],[-88.158,14.158],[-88.158,14.155],[-88.162,14.152],[-88.162,14.149],[-88.166,14.149],[-88.171,14.141],[-88.174,14.142],[-88.178,14.138],[-88.182,14.138],[-88.186,14.134],[-88.185,14.131],[-88.188,14.127],[-88.192,14.124],[-88.196,14.118],[-88.195,14.116],[-88.197,14.114],[-88.197,14.112],[-88.199,14.11],[-88.202,14.111],[-88.203,14.107],[-88.206,14.105],[-88.205,14.101],[-88.212,14.101],[-88.218,14.097],[-88.219,14.091],[-88.223,14.089],[-88.224,14.084],[-88.226,14.084],[-88.228,14.088],[-88.232,14.084],[-88.236,14.085],[-88.236,14.079],[-88.228,14.067],[-88.213,14.06],[-88.205,14.051],[-88.217,13.993],[-88.21,13.994],[-88.208,13.997],[-88.198,13.997],[-88.196,13.993],[-88.19,13.992],[-88.187,13.99],[-88.18,13.992],[-88.181,13.989],[-88.179,13.988],[-88.177,13.99],[-88.173,13.985],[-88.17,13.985],[-88.168,13.986],[-88.165,13.986],[-88.163,13.984],[-88.161,13.985],[-88.16,13.984],[-88.152,13.987],[-88.149,13.991],[-88.144,13.99],[-88.142,13.992],[-88.137,13.989],[-88.116,13.997],[-88.114,13.999],[-88.108,13.999],[-88.106,14.001],[-88.073,13.992],[-88.073,13.976],[-88.065,13.961],[-88.065,13.956],[-88.064,13.954],[-88.066,13.953],[-88.065,13.95],[-88.064,13.944],[-88.06,13.943],[-88.057,13.943],[-88.046,13.932],[-88.047,13.929],[-88.044,13.927],[-88.044,13.922],[-88.036,13.913],[-88.033,13.913],[-88.034,13.912],[-88.028,13.904],[-88.029,13.902],[-88.026,13.902],[-88.025,13.899],[-88.02,13.893],[-88.017,13.893],[-88.015,13.889],[-88.017,13.886],[-88.015,13.885],[-88.016,13.884],[-88.013,13.876],[-88.015,13.871],[-88.009,13.872],[-88.007,13.871],[-88.005,13.875],[-87.996,13.878],[-87.986,13.888],[-87.979,13.887],[-87.978,13.889],[-87.969,13.895],[-87.964,13.893],[-87.959,13.903],[-87.957,13.897],[-87.954,13.895],[-87.952,13.891],[-87.943,13.896],[-87.94,13.894],[-87.934,13.893],[-87.931,13.889],[-87.927,13.888],[-87.925,13.886],[-87.922,13.884],[-87.92,13.888],[-87.922,13.893],[-87.918,13.896],[-87.916,13.892],[-87.912,13.893],[-87.914,13.897],[-87.912,13.9],[-87.909,13.898],[-87.907,13.902],[-87.905,13.9],[-87.898,13.903],[-87.889,13.898],[-87.888,13.901],[-87.884,13.9],[-87.882,13.903],[-87.877,13.901],[-87.874,13.896],[-87.868,13.896],[-87.864,13.899],[-87.861,13.896],[-87.859,13.896],[-87.859,13.894],[-87.854,13.895],[-87.844,13.898],[-87.843,13.906],[-87.831,13.919],[-87.804,13.921],[-87.797,13.912],[-87.796,13.905],[-87.794,13.905],[-87.795,13.901],[-87.799,13.897],[-87.799,13.892],[-87.796,13.888],[-87.786,13.884],[-87.784,13.877],[-87.774,13.874],[-87.771,13.875],[-87.768,13.873],[-87.767,13.87],[-87.763,13.869],[-87.763,13.867],[-87.759,13.864],[-87.756,13.865],[-87.754,13.861],[-87.753,13.862],[-87.746,13.854],[-87.745,13.845],[-87.747,13.843],[-87.745,13.841],[-87.731,13.848],[-87.705,13.852],[-87.68,13.846],[-87.669,13.834],[-87.656,13.834],[-87.645,13.83]]]}},{"type":"Feature","properties":{"shapeName":"Lempira","shapeISO":"HN-LE","shapeID":"10453824B36949426591135","shapeGroup":"HND","shapeType":"ADM1"},"geometry":{"type":"Polygon","coordinates":[[[-88.777,14.55],[-88.752,14.541],[-88.745,14.545],[-88.73,14.545],[-88.722,14.544],[-88.715,14.534],[-88.715,14.526],[-88.718,14.525],[-88.717,14.524],[-88.718,14.523],[-88.717,14.52],[-88.716,14.512],[-88.719,14.508],[-88.719,14.505],[-88.723,14.504],[-88.722,14.501],[-88.723,14.5],[-88.725,14.493],[-88.724,14.491],[-88.728,14.486],[-88.729,14.48],[-88.73,14.481],[-88.734,14.474],[-88.732,14.472],[-88.734,14.47],[-88.731,14.468],[-88.732,14.467],[-88.731,14.463],[-88.732,14.462],[-88.731,14.461],[-88.733,14.458],[-88.737,14.459],[-88.74,14.451],[-88.736,14.442],[-88.739,14.44],[-88.742,14.443],[-88.746,14.438],[-88.746,14.435],[-88.752,14.431],[-88.755,14.432],[-88.76,14.43],[-88.765,14.425],[-88.796,14.413],[-88.82,14.427],[-88.82,14.42],[-88.826,14.404],[-88.806,14.385],[-88.826,14.386],[-88.836,14.384],[-88.855,14.397],[-88.859,14.408],[-88.867,14.409],[-88.872,14.408],[-88.88,14.412],[-88.878,14.4],[-88.879,14.37],[-88.887,14.356],[-88.898,14.354],[-88.9,14.351],[-88.904,14.35],[-88.912,14.346],[-88.915,14.346],[-88.928,14.343],[-88.932,14.345],[-88.949,14.342],[-88.952,14.337],[-88.95,14.332],[-88.947,14.331],[-88.948,14.323],[-88.956,14.32],[-88.956,14.319],[-88.958,14.318],[-88.956,14.315],[-88.957,14.312],[-88.961,14.311],[-88.967,14.305],[-88.973,14.302],[-88.978,14.303],[-88.982,14.3],[-88.98,14.297],[-88.981,14.295],[-88.978,14.292],[-88.976,14.292],[-88.977,14.291],[-88.973,14.282],[-88.97,14.28],[-88.971,14.278],[-88.968,14.277],[-88.968,14.274],[-88.966,14.271],[-88.97,14.266],[-88.97,14.261],[-88.974,14.257],[-88.971,14.254],[-88.972,14.247],[-88.97,14.246],[-88.969,14.236],[-88.966,14.234],[-88.965,14.229],[-88.97,14.225],[-88.97,14.222],[-88.975,14.219],[-88.973,14.214],[-88.97,14.212],[-88.962,14.212],[-88.961,14.208],[-88.959,14.209],[-88.955,14.206],[-88.948,14.207],[-88.947,14.205],[-88.945,14.206],[-88.94,14.203],[-88.937,14.204],[-88.93,14.203],[-88.929,14.206],[-88.923,14.209],[-88.921,14.207],[-88.918,14.208],[-88.903,14.206],[-88.904,14.198],[-88.901,14.195],[-88.9,14.191],[-88.896,14.19],[-88.891,14.192],[-88.885,14.188],[-88.882,14.19],[-88.879,14.185],[-88.876,14.186],[-88.872,14.183],[-88.871,14.18],[-88.867,14.179],[-88.864,14.174],[-88.86,14.172],[-88.862,14.168],[-88.86,14.163],[-88.859,14.153],[-88.849,14.149],[-88.85,14.145],[-88.846,14.141],[-88.848,14.139],[-88.847,14.131],[-88.84,14.131],[-88.84,14.128],[-88.836,14.125],[-88.837,14.122],[-88.834,14.115],[-88.83,14.112],[-88.831,14.105],[-88.829,14.106],[-88.827,14.106],[-88.82,14.109],[-88.82,14.108],[-88.818,14.109],[-88.814,14.108],[-88.814,14.112],[-88.813,14.113],[-88.811,14.111],[-88.806,14.111],[-88.802,14.113],[-88.799,14.113],[-88.798,14.115],[-88.792,14.115],[-88.784,14.107],[-88.785,14.106],[-88.783,14.104],[-88.781,14.106],[-88.774,14.102],[-88.771,14.107],[-88.769,14.104],[-88.767,14.105],[-88.767,14.107],[-88.765,14.108],[-88.765,14.109],[-88.753,14.11],[-88.75,14.115],[-88.748,14.116],[-88.747,14.115],[-88.741,14.117],[-88.739,14.122],[-88.735,14.119],[-88.729,14.114],[-88.731,14.102],[-88.73,14.091],[-88.736,14.078],[-88.738,14.067],[-88.731,14.052],[-88.732,14.049],[-88.73,14.048],[-88.728,14.05],[-88.724,14.05],[-88.722,14.051],[-88.713,14.044],[-88.711,14.044],[-88.708,14.047],[-88.703,14.045],[-88.703,14.043],[-88.699,14.045],[-88.697,14.043],[-88.692,14.044],[-88.693,14.042],[-88.691,14.041],[-88.689,14.039],[-88.687,14.039],[-88.682,14.032],[-88.683,14.027],[-88.686,14.024],[-88.681,14.02],[-88.684,14.015],[-88.684,14.01],[-88.679,14.012],[-88.671,14.01],[-88.666,14.015],[-88.663,14.024],[-88.661,14.024],[-88.658,14.02],[-88.653,14.018],[-88.648,14.019],[-88.64,14.017],[-88.635,14.022],[-88.628,14.023],[-88.624,14.018],[-88.618,14.015],[-88.608,14.005],[-88.597,14.006],[-88.594,14.009],[-88.587,14.007],[-88.584,14.003],[-88.578,13.998],[-88.574,13.993],[-88.573,13.982],[-88.569,13.978],[-88.558,13.983],[-88.549,13.98],[-88.547,13.983],[-88.54,13.985],[-88.528,13.985],[-88.522,13.98],[-88.504,13.97],[-88.5,13.967],[-88.5,13.965],[-88.495,13.966],[-88.494,13.964],[-88.492,13.963],[-88.489,13.974],[-88.485,13.976],[-88.481,13.975],[-88.48,13.98],[-88.477,13.98],[-88.477,13.986],[-88.481,13.992],[-88.479,13.993],[-88.475,13.992],[-88.469,13.995],[-88.462,14.008],[-88.456,14.008],[-88.449,14.011],[-88.445,14.01],[-88.441,14.014],[-88.44,14.018],[-88.426,14.02],[-88.418,14.026],[-88.412,14.027],[-88.405,14.032],[-88.404,14.035],[-88.399,14.035],[-88.394,14.038],[-88.383,14.039],[-88.384,14.042],[-88.382,14.044],[-88.378,14.044],[-88.374,14.046],[-88.372,14.052],[-88.365,14.053],[-88.357,14.068],[-88.351,14.073],[-88.351,14.075],[-88.345,14.074],[-88.339,14.078],[-88.332,14.076],[-88.327,14.079],[-88.327,14.081],[-88.332,14.09],[-88.334,14.096],[-88.328,14.1],[-88.328,14.105],[-88.321,14.107],[-88.318,14.107],[-88.316,14.11],[-88.318,14.115],[-88.317,14.119],[-88.32,14.123],[-88.321,14.132],[-88.323,14.134],[-88.323,14.138],[-88.322,14.143],[-88.32,14.145],[-88.321,14.147],[-88.319,14.15],[-88.319,14.157],[-88.324,14.164],[-88.328,14.165],[-88.328,14.17],[-88.33,14.171],[-88.333,14.177],[-88.331,14.182],[-88.331,14.185],[-88.326,14.192],[-88.327,14.2],[-88.32,14.211],[-88.325,14.217],[-88.329,14.221],[-88.332,14.228],[-88.337,14.226],[-88.36,14.231],[-88.365,14.231],[-88.367,14.229],[-88.369,14.233],[-88.373,14.229],[-88.381,14.23],[-88.383,14.231],[-88.384,14.228],[-88.388,14.232],[-88.389,14.235],[-88.391,14.233],[-88.393,14.235],[-88.397,14.234],[-88.399,14.237],[-88.403,14.239],[-88.405,14.242],[-88.408,14.243],[-88.41,14.241],[-88.424,14.248],[-88.425,14.251],[-88.425,14.256],[-88.409,14.279],[-88.416,14.324],[-88.427,14.361],[-88.44,14.366],[-88.444,14.364],[-88.448,14.361],[-88.452,14.361],[-88.489,14.388],[-88.501,14.405],[-88.499,14.409],[-88.497,14.408],[-88.495,14.409],[-88.496,14.414],[-88.498,14.413],[-88.498,14.417],[-88.5,14.418],[-88.499,14.419],[-88.501,14.424],[-88.5,14.43],[-88.504,14.435],[-88.502,14.444],[-88.499,14.446],[-88.5,14.448],[-88.498,14.45],[-88.499,14.452],[-88.502,14.452],[-88.469,14.473],[-88.45,14.477],[-88.445,14.477],[-88.431,14.471],[-88.378,14.476],[-88.364,14.487],[-88.345,14.506],[-88.343,14.518],[-88.348,14.529],[-88.323,14.567],[-88.326,14.598],[-88.33,14.623],[-88.347,14.652],[-88.321,14.683],[-88.317,14.733],[-88.354,14.717],[-88.375,14.734],[-88.378,14.747],[-88.39,14.768],[-88.374,14.795],[-88.364,14.821],[-88.38,14.836],[-88.395,14.837],[-88.407,14.833],[-88.413,14.833],[-88.424,14.851],[-88.444,14.856],[-88.455,14.851],[-88.464,14.834],[-88.47,14.816],[-88.489,14.81],[-88.508,14.833],[-88.533,14.87],[-88.538,14.88],[-88.556,14.933],[-88.558,14.932],[-88.562,14.931],[-88.575,14.935],[-88.586,14.937],[-88.611,14.946],[-88.611,14.941],[-88.614,14.937],[-88.611,14.932],[-88.624,14.919],[-88.645,14.923],[-88.646,14.921],[-88.639,14.901],[-88.649,14.884],[-88.649,14.875],[-88.644,14.868],[-88.645,14.867],[-88.65,14.869],[-88.654,14.868],[-88.658,14.86],[-88.653,14.854],[-88.652,14.849],[-88.654,14.846],[-88.663,14.841],[-88.664,14.839],[-88.669,14.837],[-88.677,14.822],[-88.678,14.817],[-88.68,14.816],[-88.676,14.807],[-88.68,14.8],[-88.678,14.795],[-88.681,14.787],[-88.679,14.783],[-88.667,14.778],[-88.669,14.773],[-88.664,14.769],[-88.666,14.762],[-88.664,14.758],[-88.664,14.755],[-88.661,14.754],[-88.659,14.751],[-88.664,14.744],[-88.661,14.743],[-88.658,14.74],[-88.657,14.734],[-88.657,14.731],[-88.653,14.731],[-88.654,14.724],[-88.653,14.719],[-88.654,14.717],[-88.656,14.716],[-88.657,14.72],[-88.661,14.722],[-88.663,14.721],[-88.665,14.717],[-88.667,14.717],[-88.668,14.721],[-88.671,14.719],[-88.674,14.719],[-88.681,14.723],[-88.687,14.717],[-88.688,14.713],[-88.691,14.711],[-88.699,14.712],[-88.704,14.714],[-88.708,14.711],[-88.711,14.712],[-88.717,14.711],[-88.72,14.709],[-88.725,14.709],[-88.732,14.707],[-88.734,14.707],[-88.735,14.709],[-88.738,14.71],[-88.745,14.709],[-88.757,14.716],[-88.763,14.712],[-88.767,14.714],[-88.774,14.712],[-88.777,14.713],[-88.779,14.717],[-88.786,14.719],[-88.789,14.717],[-88.792,14.717],[-88.792,14.715],[-88.795,14.712],[-88.794,14.708],[-88.796,14.708],[-88.796,14.704],[-88.794,14.696],[-88.796,14.693],[-88.795,14.689],[-88.796,14.687],[-88.791,14.685],[-88.791,14.683],[-88.79,14.684],[-88.788,14.683],[-88.79,14.679],[-88.775,14.651],[-88.761,14.649],[-88.754,14.643],[-88.734,14.611],[-88.753,14.595],[-88.759,14.594],[-88.77,14.572],[-88.777,14.55]]]}},{"type":"Feature","properties":{"shapeName":"Ocotepeque","shapeISO":"HN-OC","shapeID":"10453824B83660155057128","shapeGroup":"HND","shapeType":"ADM1"},"geometry":{"type":"Polygon","coordinates":[[[-89.131,14.713],[-89.148,14.676],[-89.154,14.673],[-89.157,14.673],[-89.157,14.671],[-89.157,14.668],[-89.153,14.66],[-89.155,14.656],[-89.154,14.652],[-89.152,14.65],[-89.15,14.639],[-89.148,14.635],[-89.148,14.631],[-89.146,14.629],[-89.148,14.628],[-89.147,14.626],[-89.15,14.623],[-89.151,14.62],[-89.156,14.618],[-89.152,14.614],[-89.153,14.613],[-89.152,14.612],[-89.148,14.611],[-89.152,14.606],[-89.149,14.603],[-89.153,14.598],[-89.154,14.593],[-89.153,14.591],[-89.155,14.588],[-89.154,14.584],[-89.159,14.584],[-89.157,14.581],[-89.16,14.579],[-89.16,14.574],[-89.168,14.572],[-89.169,14.574],[-89.178,14.573],[-89.189,14.578],[-89.194,14.577],[-89.204,14.583],[-89.239,14.585],[-89.24,14.58],[-89.245,14.578],[-89.246,14.577],[-89.248,14.576],[-89.249,14.571],[-89.254,14.568],[-89.251,14.563],[-89.253,14.56],[-89.257,14.56],[-89.264,14.547],[-89.27,14.547],[-89.274,14.543],[-89.276,14.542],[-89.278,14.538],[-89.279,14.538],[-89.279,14.536],[-89.284,14.533],[-89.283,14.53],[-89.286,14.525],[-89.285,14.522],[-89.288,14.516],[-89.291,14.516],[-89.295,14.511],[-89.301,14.507],[-89.305,14.507],[-89.302,14.494],[-89.305,14.494],[-89.306,14.493],[-89.308,14.493],[-89.308,14.491],[-89.312,14.489],[-89.316,14.489],[-89.322,14.484],[-89.329,14.482],[-89.33,14.481],[-89.335,14.477],[-89.339,14.477],[-89.348,14.472],[-89.35,14.473],[-89.356,14.468],[-89.356,14.465],[-89.353,14.464],[-89.354,14.462],[-89.353,14.461],[-89.353,14.456],[-89.352,14.456],[-89.353,14.449],[-89.355,14.447],[-89.352,14.446],[-89.35,14.442],[-89.349,14.434],[-89.35,14.427],[-89.356,14.421],[-89.343,14.417],[-89.339,14.418],[-89.335,14.415],[-89.321,14.412],[-89.313,14.412],[-89.305,14.414],[-89.303,14.416],[-89.3,14.416],[-89.297,14.418],[-89.276,14.401],[-89.245,14.391],[-89.235,14.396],[-89.227,14.392],[-89.225,14.388],[-89.22,14.389],[-89.213,14.388],[-89.211,14.372],[-89.21,14.374],[-89.205,14.373],[-89.204,14.37],[-89.198,14.37],[-89.195,14.367],[-89.192,14.368],[-89.189,14.366],[-89.187,14.367],[-89.182,14.365],[-89.169,14.366],[-89.148,14.354],[-89.129,14.384],[-89.117,14.393],[-89.113,14.402],[-89.109,14.403],[-89.109,14.404],[-89.105,14.403],[-89.101,14.404],[-89.09,14.395],[-89.09,14.391],[-89.084,14.381],[-89.084,14.378],[-89.082,14.377],[-89.083,14.375],[-89.081,14.374],[-89.082,14.37],[-89.081,14.37],[-89.082,14.369],[-89.08,14.357],[-89.086,14.35],[-89.082,14.347],[-89.083,14.344],[-89.083,14.341],[-89.08,14.34],[-89.076,14.341],[-89.074,14.339],[-89.07,14.336],[-89.063,14.334],[-89.054,14.335],[-89.036,14.332],[-89.036,14.329],[-89.034,14.326],[-89.036,14.322],[-89.033,14.319],[-89.035,14.317],[-89.03,14.318],[-89.029,14.316],[-89.027,14.315],[-89.027,14.313],[-89.022,14.314],[-89.022,14.308],[-89.024,14.306],[-89.023,14.304],[-89.025,14.302],[-89.023,14.3],[-89.025,14.299],[-89.022,14.295],[-89.023,14.291],[-89.021,14.289],[-89.024,14.286],[-89.024,14.284],[-89.026,14.284],[-89.025,14.279],[-89.026,14.272],[-89.023,14.27],[-89.018,14.271],[-89.016,14.27],[-89.014,14.271],[-88.995,14.259],[-88.992,14.259],[-88.988,14.253],[-88.987,14.248],[-88.985,14.245],[-88.982,14.246],[-88.981,14.241],[-88.978,14.241],[-88.98,14.237],[-88.976,14.235],[-88.977,14.232],[-88.97,14.225],[-88.965,14.229],[-88.966,14.234],[-88.969,14.236],[-88.97,14.246],[-88.972,14.247],[-88.971,14.254],[-88.974,14.257],[-88.97,14.261],[-88.97,14.266],[-88.966,14.271],[-88.968,14.274],[-88.968,14.277],[-88.971,14.278],[-88.97,14.28],[-88.973,14.282],[-88.977,14.291],[-88.976,14.292],[-88.978,14.292],[-88.981,14.295],[-88.98,14.297],[-88.982,14.3],[-88.978,14.303],[-88.973,14.302],[-88.967,14.305],[-88.961,14.311],[-88.957,14.312],[-88.956,14.315],[-88.958,14.318],[-88.956,14.319],[-88.956,14.32],[-88.948,14.323],[-88.947,14.331],[-88.95,14.332],[-88.952,14.337],[-88.949,14.342],[-88.932,14.345],[-88.928,14.343],[-88.915,14.346],[-88.912,14.346],[-88.904,14.35],[-88.9,14.351],[-88.898,14.354],[-88.887,14.356],[-88.879,14.37],[-88.878,14.4],[-88.88,14.412],[-88.872,14.408],[-88.867,14.409],[-88.859,14.408],[-88.855,14.397],[-88.836,14.384],[-88.826,14.386],[-88.806,14.385],[-88.826,14.404],[-88.82,14.42],[-88.82,14.427],[-88.796,14.413],[-88.765,14.425],[-88.76,14.43],[-88.755,14.432],[-88.752,14.431],[-88.746,14.435],[-88.746,14.438],[-88.742,14.443],[-88.739,14.44],[-88.736,14.442],[-88.74,14.451],[-88.737,14.459],[-88.733,14.458],[-88.731,14.461],[-88.732,14.462],[-88.731,14.463],[-88.732,14.467],[-88.731,14.468],[-88.734,14.47],[-88.732,14.472],[-88.734,14.474],[-88.73,14.481],[-88.729,14.48],[-88.728,14.486],[-88.724,14.491],[-88.725,14.493],[-88.723,14.5],[-88.722,14.501],[-88.723,14.504],[-88.719,14.505],[-88.719,14.508],[-88.716,14.512],[-88.717,14.52],[-88.718,14.523],[-88.717,14.524],[-88.718,14.525],[-88.715,14.526],[-88.715,14.534],[-88.722,14.544],[-88.73,14.545],[-88.745,14.545],[-88.752,14.541],[-88.777,14.55],[-88.798,14.544],[-88.812,14.533],[-88.826,14.537],[-88.826,14.5],[-88.846,14.495],[-88.853,14.51],[-88.895,14.517],[-88.912,14.555],[-88.929,14.559],[-88.927,14.602],[-88.959,14.631],[-88.967,14.633],[-88.977,14.641],[-88.983,14.643],[-88.998,14.658],[-89.004,14.667],[-89.002,14.672],[-89.002,14.678],[-89.004,14.684],[-89.009,14.69],[-89.01,14.69],[-89.008,14.697],[-89.014,14.716],[-89.022,14.714],[-89.03,14.719],[-89.041,14.72],[-89.052,14.716],[-89.055,14.715],[-89.065,14.718],[-89.069,14.717],[-89.079,14.723],[-89.081,14.726],[-89.083,14.727],[-89.092,14.723],[-89.097,14.724],[-89.098,14.723],[-89.103,14.723],[-89.113,14.719],[-89.127,14.716],[-89.131,14.713]]]}},{"type":"Feature","properties":{"shapeName":"Santa Bárbara","shapeISO":"HN-SB","shapeID":"10453824B33911095974475","shapeGroup":"HND","shapeType":"ADM1"},"geometry":{"type":"Polygon","coordinates":[[[-87.977,14.791],[-87.993,14.821],[-87.984,14.877],[-87.994,14.896],[-88.015,14.913],[-88.028,14.928],[-88.029,14.934],[-88.051,14.931],[-88.049,14.996],[-88.04,15.006],[-88.038,15.02],[-88.034,15.023],[-88.028,15.024],[-88.027,15.028],[-88.029,15.033],[-88.016,15.046],[-88.026,15.049],[-88.04,15.052],[-88.051,15.062],[-88.053,15.07],[-88.056,15.073],[-88.067,15.075],[-88.077,15.071],[-88.091,15.071],[-88.091,15.083],[-88.133,15.117],[-88.102,15.156],[-88.097,15.158],[-88.09,15.171],[-88.082,15.174],[-88.083,15.184],[-88.075,15.191],[-88.067,15.193],[-88.066,15.202],[-88.059,15.212],[-88.054,15.213],[-88.092,15.228],[-88.108,15.266],[-88.1,15.344],[-88.145,15.381],[-88.147,15.377],[-88.152,15.378],[-88.153,15.376],[-88.158,15.373],[-88.164,15.373],[-88.167,15.375],[-88.168,15.379],[-88.176,15.383],[-88.177,15.387],[-88.18,15.387],[-88.183,15.389],[-88.186,15.388],[-88.19,15.397],[-88.194,15.402],[-88.212,15.411],[-88.216,15.411],[-88.216,15.413],[-88.23,15.415],[-88.23,15.417],[-88.233,15.418],[-88.235,15.424],[-88.235,15.427],[-88.238,15.428],[-88.239,15.435],[-88.242,15.435],[-88.24,15.44],[-88.243,15.446],[-88.238,15.453],[-88.239,15.457],[-88.236,15.461],[-88.239,15.468],[-88.241,15.469],[-88.241,15.479],[-88.238,15.485],[-88.242,15.487],[-88.241,15.491],[-88.246,15.502],[-88.411,15.547],[-88.472,15.513],[-88.487,15.502],[-88.553,15.446],[-88.56,15.446],[-88.562,15.444],[-88.562,15.437],[-88.57,15.426],[-88.575,15.425],[-88.584,15.419],[-88.585,15.422],[-88.592,15.421],[-88.605,15.413],[-88.678,15.342],[-88.759,15.294],[-88.71,15.244],[-88.721,15.218],[-88.648,15.157],[-88.638,15.121],[-88.638,15.076],[-88.64,15.072],[-88.646,15.069],[-88.656,15.068],[-88.667,15.06],[-88.676,15.048],[-88.682,14.999],[-88.686,14.996],[-88.704,14.953],[-88.694,14.934],[-88.693,14.928],[-88.687,14.92],[-88.684,14.921],[-88.67,14.913],[-88.645,14.923],[-88.624,14.919],[-88.611,14.932],[-88.614,14.937],[-88.611,14.941],[-88.611,14.946],[-88.586,14.937],[-88.575,14.935],[-88.562,14.931],[-88.558,14.932],[-88.556,14.933],[-88.538,14.88],[-88.533,14.87],[-88.508,14.833],[-88.489,14.81],[-88.47,14.816],[-88.464,14.834],[-88.455,14.851],[-88.444,14.856],[-88.424,14.851],[-88.413,14.833],[-88.407,14.833],[-88.395,14.837],[-88.38,14.836],[-88.364,14.821],[-88.374,14.795],[-88.39,14.768],[-88.378,14.747],[-88.375,14.734],[-88.354,14.717],[-88.317,14.733],[-88.321,14.683],[-88.347,14.652],[-88.268,14.646],[-88.215,14.655],[-88.189,14.644],[-88.18,14.651],[-88.157,14.658],[-88.125,14.652],[-88.087,14.643],[-88.069,14.656],[-88.054,14.664],[-88.047,14.684],[-88.064,14.718],[-88.038,14.749],[-87.977,14.791]]]}},{"type":"Feature","properties":{"shapeName":"Yoro","shapeISO":"HN-YO","shapeID":"10453824B47889694645812","shapeGroup":"HND","shapeType":"ADM1"},"geometry":{"type":"Polygon","coordinates":[[[-86.401,15.574],[-86.423,15.582],[-86.45,15.589],[-86.465,15.596],[-86.477,15.598],[-86.481,15.597],[-86.483,15.593],[-86.494,15.589],[-86.502,15.589],[-86.51,15.584],[-86.516,15.585],[-86.517,15.583],[-86.525,15.581],[-86.53,15.585],[-86.534,15.591],[-86.557,15.591],[-86.572,15.587],[-86.587,15.595],[-86.642,15.605],[-86.68,15.589],[-86.74,15.555],[-86.764,15.551],[-86.764,15.545],[-86.773,15.545],[-86.775,15.544],[-86.778,15.544],[-86.779,15.547],[-86.781,15.546],[-86.803,15.549],[-86.808,15.556],[-86.814,15.555],[-86.819,15.553],[-86.826,15.544],[-86.832,15.542],[-86.842,15.547],[-86.845,15.546],[-86.849,15.546],[-86.849,15.557],[-86.851,15.565],[-86.859,15.566],[-86.86,15.564],[-86.875,15.558],[-86.879,15.561],[-86.884,15.56],[-86.897,15.554],[-86.904,15.56],[-86.907,15.561],[-86.922,15.551],[-86.924,15.547],[-86.941,15.549],[-86.949,15.548],[-86.966,15.55],[-86.971,15.547],[-86.981,15.551],[-86.984,15.556],[-86.993,15.55],[-87.005,15.533],[-87.034,15.513],[-87.044,15.51],[-87.042,15.504],[-87.05,15.499],[-87.049,15.488],[-87.073,15.474],[-87.091,15.473],[-87.108,15.456],[-87.134,15.457],[-87.151,15.46],[-87.165,15.442],[-87.174,15.421],[-87.18,15.419],[-87.189,15.423],[-87.201,15.421],[-87.204,15.424],[-87.213,15.423],[-87.224,15.428],[-87.23,15.428],[-87.233,15.431],[-87.245,15.436],[-87.254,15.437],[-87.259,15.435],[-87.263,15.439],[-87.275,15.439],[-87.277,15.441],[-87.28,15.447],[-87.284,15.449],[-87.291,15.45],[-87.301,15.448],[-87.307,15.444],[-87.316,15.446],[-87.323,15.454],[-87.345,15.458],[-87.361,15.445],[-87.37,15.443],[-87.373,15.44],[-87.378,15.438],[-87.385,15.44],[-87.386,15.443],[-87.388,15.444],[-87.386,15.447],[-87.392,15.445],[-87.392,15.447],[-87.389,15.451],[-87.391,15.452],[-87.393,15.452],[-87.399,15.449],[-87.398,15.452],[-87.401,15.45],[-87.403,15.451],[-87.401,15.454],[-87.398,15.454],[-87.399,15.456],[-87.403,15.456],[-87.405,15.459],[-87.407,15.456],[-87.406,15.455],[-87.409,15.456],[-87.41,15.455],[-87.41,15.46],[-87.412,15.459],[-87.413,15.461],[-87.415,15.458],[-87.418,15.46],[-87.419,15.466],[-87.422,15.463],[-87.423,15.464],[-87.422,15.471],[-87.424,15.474],[-87.426,15.48],[-87.433,15.482],[-87.438,15.485],[-87.434,15.49],[-87.431,15.49],[-87.432,15.492],[-87.437,15.494],[-87.436,15.497],[-87.44,15.497],[-87.438,15.505],[-87.44,15.511],[-87.435,15.514],[-87.438,15.517],[-87.434,15.518],[-87.437,15.523],[-87.435,15.523],[-87.434,15.532],[-87.436,15.533],[-87.443,15.529],[-87.449,15.531],[-87.455,15.536],[-87.456,15.54],[-87.459,15.543],[-87.459,15.546],[-87.471,15.54],[-87.478,15.538],[-87.479,15.534],[-87.484,15.533],[-87.486,15.529],[-87.492,15.526],[-87.497,15.521],[-87.503,15.518],[-87.51,15.519],[-87.511,15.517],[-87.514,15.516],[-87.515,15.514],[-87.518,15.515],[-87.523,15.522],[-87.527,15.523],[-87.531,15.52],[-87.538,15.518],[-87.543,15.514],[-87.55,15.516],[-87.554,15.515],[-87.562,15.512],[-87.561,15.51],[-87.568,15.511],[-87.571,15.508],[-87.585,15.507],[-87.589,15.505],[-87.617,15.507],[-87.617,15.514],[-87.605,15.524],[-87.596,15.534],[-87.59,15.538],[-87.604,15.547],[-87.608,15.553],[-87.613,15.556],[-87.621,15.556],[-87.623,15.558],[-87.624,15.564],[-87.626,15.567],[-87.629,15.566],[-87.634,15.57],[-87.639,15.57],[-87.643,15.575],[-87.647,15.574],[-87.662,15.576],[-87.676,15.582],[-87.68,15.595],[-87.68,15.599],[-87.677,15.604],[-87.679,15.607],[-87.68,15.612],[-87.682,15.613],[-87.683,15.615],[-87.682,15.637],[-87.685,15.641],[-87.681,15.643],[-87.681,15.647],[-87.68,15.648],[-87.683,15.651],[-87.684,15.655],[-87.692,15.659],[-87.696,15.665],[-87.701,15.667],[-87.703,15.666],[-87.706,15.667],[-87.705,15.67],[-87.709,15.671],[-87.713,15.67],[-87.719,15.672],[-87.722,15.676],[-87.725,15.676],[-87.725,15.678],[-87.729,15.683],[-87.731,15.681],[-87.733,15.685],[-87.736,15.684],[-87.741,15.69],[-87.74,15.692],[-87.742,15.692],[-87.741,15.694],[-87.742,15.696],[-87.744,15.696],[-87.745,15.698],[-87.746,15.697],[-87.746,15.697],[-87.747,15.7],[-87.757,15.704],[-87.761,15.702],[-87.77,15.704],[-87.773,15.706],[-87.776,15.712],[-87.78,15.71],[-87.785,15.711],[-87.792,15.724],[-87.797,15.725],[-87.801,15.724],[-87.803,15.719],[-87.802,15.71],[-87.803,15.708],[-87.807,15.705],[-87.826,15.7],[-87.837,15.69],[-87.838,15.687],[-87.838,15.686],[-87.831,15.69],[-87.824,15.685],[-87.819,15.686],[-87.81,15.692],[-87.807,15.691],[-87.805,15.688],[-87.805,15.682],[-87.816,15.684],[-87.822,15.681],[-87.83,15.665],[-87.829,15.66],[-87.819,15.653],[-87.816,15.654],[-87.812,15.665],[-87.808,15.666],[-87.805,15.663],[-87.805,15.659],[-87.81,15.655],[-87.811,15.651],[-87.81,15.646],[-87.803,15.64],[-87.797,15.638],[-87.781,15.642],[-87.776,15.642],[-87.771,15.638],[-87.769,15.633],[-87.774,15.624],[-87.774,15.62],[-87.766,15.614],[-87.763,15.61],[-87.766,15.602],[-87.764,15.594],[-87.767,15.593],[-87.777,15.598],[-87.78,15.598],[-87.783,15.596],[-87.784,15.592],[-87.777,15.578],[-87.774,15.575],[-87.772,15.575],[-87.772,15.57],[-87.776,15.567],[-87.779,15.567],[-87.783,15.575],[-87.795,15.583],[-87.802,15.582],[-87.805,15.579],[-87.806,15.574],[-87.798,15.564],[-87.799,15.56],[-87.8,15.558],[-87.804,15.556],[-87.812,15.555],[-87.816,15.551],[-87.814,15.533],[-87.807,15.529],[-87.805,15.525],[-87.805,15.523],[-87.807,15.52],[-87.81,15.519],[-87.814,15.521],[-87.822,15.529],[-87.828,15.53],[-87.832,15.528],[-87.832,15.527],[-87.827,15.52],[-87.826,15.514],[-87.835,15.508],[-87.837,15.504],[-87.836,15.5],[-87.835,15.497],[-87.824,15.493],[-87.822,15.489],[-87.828,15.479],[-87.827,15.476],[-87.824,15.474],[-87.814,15.472],[-87.809,15.468],[-87.807,15.463],[-87.807,15.46],[-87.81,15.456],[-87.815,15.451],[-87.82,15.441],[-87.827,15.439],[-87.83,15.44],[-87.83,15.442],[-87.83,15.454],[-87.833,15.459],[-87.836,15.46],[-87.859,15.459],[-87.865,15.455],[-87.863,15.449],[-87.846,15.444],[-87.826,15.433],[-87.818,15.413],[-87.819,15.407],[-87.821,15.402],[-87.825,15.401],[-87.838,15.404],[-87.839,15.398],[-87.844,15.391],[-87.847,15.379],[-87.861,15.366],[-87.88,15.352],[-87.881,15.35],[-87.877,15.345],[-87.864,15.346],[-87.863,15.34],[-87.865,15.336],[-87.872,15.335],[-87.877,15.337],[-87.883,15.346],[-87.885,15.346],[-87.887,15.344],[-87.888,15.341],[-87.888,15.331],[-87.894,15.323],[-87.897,15.323],[-87.901,15.326],[-87.905,15.326],[-87.917,15.324],[-87.918,15.322],[-87.916,15.317],[-87.908,15.314],[-87.905,15.31],[-87.905,15.306],[-87.908,15.303],[-87.916,15.306],[-87.923,15.303],[-87.928,15.299],[-87.929,15.295],[-87.926,15.292],[-87.919,15.292],[-87.912,15.29],[-87.911,15.288],[-87.91,15.274],[-87.913,15.273],[-87.917,15.275],[-87.923,15.275],[-87.932,15.27],[-87.934,15.266],[-87.935,15.255],[-87.938,15.245],[-87.936,15.235],[-87.931,15.237],[-87.925,15.246],[-87.921,15.245],[-87.92,15.243],[-87.921,15.241],[-87.927,15.233],[-87.924,15.23],[-87.919,15.228],[-87.918,15.222],[-87.925,15.214],[-87.916,15.21],[-87.919,15.207],[-87.926,15.207],[-87.925,15.2],[-87.913,15.199],[-87.902,15.191],[-87.881,15.194],[-87.867,15.193],[-87.864,15.191],[-87.863,15.185],[-87.861,15.181],[-87.855,15.176],[-87.851,15.177],[-87.848,15.174],[-87.848,15.171],[-87.851,15.163],[-87.846,15.16],[-87.842,15.158],[-87.836,15.16],[-87.832,15.158],[-87.823,15.161],[-87.819,15.161],[-87.817,15.16],[-87.816,15.153],[-87.813,15.15],[-87.808,15.155],[-87.803,15.156],[-87.795,15.151],[-87.795,15.146],[-87.798,15.142],[-87.797,15.14],[-87.781,15.135],[-87.777,15.138],[-87.77,15.14],[-87.755,15.134],[-87.753,15.131],[-87.754,15.128],[-87.745,15.118],[-87.742,15.116],[-87.74,15.112],[-87.734,15.111],[-87.733,15.109],[-87.738,15.1],[-87.735,15.094],[-87.738,15.09],[-87.737,15.088],[-87.733,15.087],[-87.732,15.082],[-87.739,15.076],[-87.744,15.075],[-87.746,15.066],[-87.744,15.06],[-87.75,15.047],[-87.745,15.037],[-87.745,15.029],[-87.735,15.018],[-87.733,15.013],[-87.728,15.011],[-87.707,15.011],[-87.685,15.016],[-87.67,15.022],[-87.641,15.02],[-87.622,15.011],[-87.589,15.021],[-87.583,15.032],[-87.573,15.038],[-87.571,15.043],[-87.551,15.055],[-87.54,15.054],[-87.532,15.047],[-87.526,15.047],[-87.518,15.04],[-87.514,15.032],[-87.508,15.026],[-87.507,15.022],[-87.503,15.016],[-87.506,15.012],[-87.504,15.007],[-87.504,14.994],[-87.496,14.989],[-87.497,14.985],[-87.496,14.982],[-87.488,14.98],[-87.485,14.977],[-87.482,14.979],[-87.474,14.979],[-87.473,14.978],[-87.479,14.972],[-87.477,14.97],[-87.467,14.972],[-87.462,14.971],[-87.465,14.964],[-87.46,14.955],[-87.465,14.946],[-87.46,14.94],[-87.454,14.938],[-87.454,14.934],[-87.459,14.929],[-87.456,14.927],[-87.453,14.926],[-87.453,14.922],[-87.455,14.915],[-87.451,14.913],[-87.45,14.909],[-87.444,14.909],[-87.44,14.911],[-87.436,14.908],[-87.433,14.911],[-87.429,14.907],[-87.424,14.905],[-87.418,14.91],[-87.407,14.908],[-87.404,14.918],[-87.401,14.92],[-87.395,14.919],[-87.39,14.925],[-87.38,14.933],[-87.377,14.938],[-87.373,14.939],[-87.366,14.938],[-87.357,14.941],[-87.355,14.94],[-87.356,14.938],[-87.343,14.93],[-87.333,14.929],[-87.326,14.931],[-87.322,14.93],[-87.32,14.927],[-87.318,14.927],[-87.314,14.932],[-87.312,14.93],[-87.31,14.926],[-87.307,14.921],[-87.302,14.919],[-87.299,14.914],[-87.294,14.914],[-87.29,14.925],[-87.281,14.927],[-87.273,14.922],[-87.271,14.914],[-87.265,14.906],[-87.256,14.903],[-87.253,14.899],[-87.242,14.895],[-87.241,14.893],[-87.237,14.891],[-87.234,14.888],[-87.219,14.884],[-87.217,14.882],[-87.212,14.882],[-87.21,14.878],[-87.207,14.875],[-87.201,14.877],[-87.2,14.875],[-87.197,14.88],[-87.199,14.882],[-87.194,14.885],[-87.193,14.89],[-87.199,14.895],[-87.197,14.907],[-87.204,14.908],[-87.215,14.911],[-87.218,14.913],[-87.217,14.916],[-87.211,14.921],[-87.208,14.925],[-87.209,14.929],[-87.214,14.936],[-87.213,14.944],[-87.214,14.949],[-87.21,14.949],[-87.204,14.958],[-87.202,14.958],[-87.198,14.962],[-87.191,14.964],[-87.19,14.966],[-87.189,14.966],[-87.189,14.968],[-87.185,14.97],[-87.187,14.983],[-87.186,14.992],[-87.184,14.999],[-87.184,15.002],[-87.187,15.003],[-87.187,15.008],[-87.182,15.016],[-87.176,15.018],[-87.173,15.023],[-87.167,15.026],[-87.163,15.024],[-87.157,15.028],[-87.153,15.028],[-87.147,15.026],[-87.137,15.028],[-87.134,15.033],[-87.126,15.029],[-87.118,15.031],[-87.105,15.031],[-87.091,15.021],[-87.085,15.02],[-87.081,15.016],[-87.078,15.015],[-87.075,15.015],[-87.062,15.023],[-87.054,15.024],[-87.048,15.022],[-87.03,15.026],[-87.026,15.023],[-86.991,15.015],[-86.98,15.032],[-86.974,15.039],[-86.965,15.045],[-86.96,15.046],[-86.952,15.045],[-86.942,15.041],[-86.928,15.041],[-86.925,15.04],[-86.923,15.043],[-86.921,15.052],[-86.922,15.058],[-86.918,15.068],[-86.912,15.067],[-86.907,15.069],[-86.904,15.072],[-86.89,15.078],[-86.887,15.077],[-86.883,15.083],[-86.882,15.088],[-86.884,15.092],[-86.886,15.102],[-86.881,15.103],[-86.879,15.107],[-86.881,15.119],[-86.879,15.12],[-86.878,15.124],[-86.872,15.128],[-86.868,15.135],[-86.865,15.135],[-86.864,15.14],[-86.862,15.141],[-86.862,15.143],[-86.864,15.145],[-86.867,15.144],[-86.868,15.146],[-86.866,15.152],[-86.863,15.153],[-86.861,15.157],[-86.862,15.159],[-86.858,15.16],[-86.86,15.165],[-86.855,15.17],[-86.857,15.175],[-86.856,15.179],[-86.862,15.189],[-86.865,15.202],[-86.865,15.22],[-86.867,15.229],[-86.87,15.232],[-86.868,15.24],[-86.864,15.245],[-86.865,15.248],[-86.86,15.251],[-86.857,15.257],[-86.848,15.256],[-86.845,15.262],[-86.841,15.262],[-86.839,15.264],[-86.834,15.268],[-86.829,15.267],[-86.819,15.272],[-86.819,15.279],[-86.816,15.285],[-86.812,15.285],[-86.809,15.282],[-86.805,15.283],[-86.801,15.281],[-86.797,15.282],[-86.794,15.278],[-86.792,15.28],[-86.791,15.283],[-86.788,15.282],[-86.785,15.285],[-86.782,15.285],[-86.777,15.292],[-86.776,15.296],[-86.77,15.292],[-86.768,15.293],[-86.767,15.29],[-86.762,15.289],[-86.759,15.284],[-86.76,15.279],[-86.755,15.274],[-86.755,15.272],[-86.752,15.27],[-86.732,15.265],[-86.721,15.268],[-86.713,15.268],[-86.708,15.265],[-86.701,15.265],[-86.672,15.282],[-86.664,15.292],[-86.655,15.301],[-86.65,15.303],[-86.646,15.326],[-86.649,15.332],[-86.646,15.336],[-86.632,15.341],[-86.624,15.338],[-86.616,15.338],[-86.604,15.344],[-86.596,15.352],[-86.561,15.369],[-86.558,15.369],[-86.546,15.374],[-86.517,15.391],[-86.51,15.392],[-86.508,15.391],[-86.505,15.387],[-86.501,15.386],[-86.495,15.387],[-86.488,15.393],[-86.483,15.395],[-86.476,15.395],[-86.474,15.397],[-86.473,15.402],[-86.475,15.404],[-86.474,15.406],[-86.469,15.404],[-86.465,15.404],[-86.463,15.405],[-86.458,15.403],[-86.439,15.4],[-86.433,15.392],[-86.434,15.39],[-86.432,15.389],[-86.433,15.387],[-86.426,15.382],[-86.428,15.378],[-86.427,15.377],[-86.424,15.377],[-86.424,15.374],[-86.416,15.375],[-86.414,15.371],[-86.412,15.372],[-86.411,15.37],[-86.408,15.371],[-86.408,15.375],[-86.406,15.373],[-86.404,15.373],[-86.404,15.37],[-86.397,15.364],[-86.398,15.361],[-86.396,15.358],[-86.396,15.353],[-86.391,15.349],[-86.391,15.344],[-86.391,15.342],[-86.397,15.339],[-86.401,15.331],[-86.394,15.324],[-86.372,15.324],[-86.291,15.375],[-86.279,15.374],[-86.232,15.407],[-86.232,15.438],[-86.242,15.45],[-86.238,15.456],[-86.234,15.456],[-86.229,15.461],[-86.232,15.463],[-86.232,15.465],[-86.234,15.467],[-86.235,15.47],[-86.229,15.478],[-86.232,15.484],[-86.229,15.488],[-86.229,15.496],[-86.232,15.506],[-86.239,15.52],[-86.238,15.524],[-86.25,15.529],[-86.253,15.525],[-86.255,15.526],[-86.258,15.524],[-86.267,15.522],[-86.271,15.524],[-86.271,15.53],[-86.277,15.528],[-86.28,15.531],[-86.28,15.534],[-86.282,15.532],[-86.284,15.533],[-86.29,15.531],[-86.299,15.534],[-86.3,15.537],[-86.305,15.535],[-86.306,15.537],[-86.314,15.537],[-86.315,15.541],[-86.317,15.541],[-86.318,15.538],[-86.319,15.538],[-86.321,15.542],[-86.329,15.539],[-86.333,15.541],[-86.336,15.54],[-86.337,15.541],[-86.339,15.54],[-86.345,15.541],[-86.345,15.539],[-86.35,15.54],[-86.355,15.538],[-86.356,15.539],[-86.355,15.536],[-86.357,15.537],[-86.356,15.536],[-86.358,15.535],[-86.36,15.536],[-86.363,15.535],[-86.363,15.536],[-86.368,15.536],[-86.371,15.537],[-86.373,15.535],[-86.376,15.536],[-86.377,15.539],[-86.38,15.542],[-86.379,15.547],[-86.391,15.558],[-86.401,15.574]]]}}],"punto":{"source":"geoBoundaries gbOpen HND ADM1 (OpenStreetMap, Wambacher)","source_url":"https://www.geoboundaries.org/api/current/gbOpen/HND/ADM1/","boundary_id":"HND-ADM1-10453824","boundary_year":"2017","build_date":"2023-12-12","administrative_level":"ADM1 (departamentos)","units":18,"license":"Open Data Commons Open Database License 1.0 (ODbL)","license_url":"https://opendatacommons.org/licenses/odbl/1-0/","integrated_by":"PUNTO AI ENGINE (AP000-OBS-03)","note":"geometria simplificada del dataset oficial; coordenadas redondeadas a 3 decimales (~110 m) para respetar el tope de lectura gobernada del destino. No se ha inventado ninguna coordenada ni se ha eliminado ningun punto."}}